epoch,g,is_best,learning_rate,model_family,run_id,stride,ticket_stage,track,train_acc@1,train_loss,validation_file_acc@1,validation_file_f1,validation_window_acc@1,validation_window_f1,view_mode,window_size
1,25,,,transformer,a4_transformer_cls_w100_g25_shuffled_labels-20260401-023844-4ce3c040,50,,exact-upstream,1.7117834394904459,3.962224668757931,,,,,diff,100
2,25,,,transformer,a4_transformer_cls_w100_g25_shuffled_labels-20260401-023844-4ce3c040,50,,exact-upstream,1.7515923566878981,3.9229973881107987,,,,,diff,100
3,25,,,transformer,a4_transformer_cls_w100_g25_shuffled_labels-20260401-023844-4ce3c040,50,,exact-upstream,2.109872611464968,3.91316805219954,,,,,diff,100
4,25,,,transformer,a4_transformer_cls_w100_g25_shuffled_labels-20260401-023844-4ce3c040,50,,exact-upstream,1.6719745222929936,3.916280057020248,,,,,diff,100
5,25,,,transformer,a4_transformer_cls_w100_g25_shuffled_labels-20260401-023844-4ce3c040,50,,exact-upstream,1.910828025477707,3.91043444499848,,,,,diff,100
1,0,,,transformer,a5_transformer_cls_w100_g0-20260401-023921-349b11c0,50,,exact-upstream,13.137032842582107,3.2325658456205466,,,,,raw,100
2,0,,,transformer,a5_transformer_cls_w100_g0-20260401-023921-349b11c0,50,,exact-upstream,28.23707059267648,2.3968764300974597,,,,,raw,100
3,0,,,transformer,a5_transformer_cls_w100_g0-20260401-023921-349b11c0,50,,exact-upstream,39.22234805587014,1.8933987266930061,,,,,raw,100
4,0,,,transformer,a5_transformer_cls_w100_g0-20260401-023921-349b11c0,50,,exact-upstream,48.773121932804834,1.5460774244655524,,,,,raw,100
5,0,,,transformer,a5_transformer_cls_w100_g0-20260401-023921-349b11c0,50,,exact-upstream,54.586636466591166,1.3898651475679564,,,,,raw,100
1,0,,,transformer,e0_transformer_cls_w100_g0-20260401-024241-57c1b3e1,50,t07,exact-upstream,13.137032842582107,3.2325658456205466,,,,,raw,100
2,0,,,transformer,e0_transformer_cls_w100_g0-20260401-024241-57c1b3e1,50,t07,exact-upstream,28.23707059267648,2.3968764300974597,,,,,raw,100
3,0,,,transformer,e0_transformer_cls_w100_g0-20260401-024241-57c1b3e1,50,t07,exact-upstream,39.22234805587014,1.8933987266930061,,,,,raw,100
4,0,,,transformer,e0_transformer_cls_w100_g0-20260401-024241-57c1b3e1,50,t07,exact-upstream,48.773121932804834,1.5460774244655524,,,,,raw,100
5,0,,,transformer,e0_transformer_cls_w100_g0-20260401-024241-57c1b3e1,50,t07,exact-upstream,54.586636466591166,1.3898651475679564,,,,,raw,100
1,25,,,transformer,e0_transformer_cls_w100_g25-20260401-020424-86efd02e,50,t07,exact-upstream,13.893312101910828,3.1807549379433797,,,,,diff,100
2,25,,,transformer,e0_transformer_cls_w100_g25-20260401-020424-86efd02e,50,t07,exact-upstream,35.42993630573248,2.066170086526567,,,,,diff,100
3,25,,,transformer,e0_transformer_cls_w100_g25-20260401-020424-86efd02e,50,t07,exact-upstream,44.14808917197452,1.6657330253321654,,,,,diff,100
4,25,,,transformer,e0_transformer_cls_w100_g25-20260401-020424-86efd02e,50,t07,exact-upstream,53.66242038216561,1.358746651631252,,,,,diff,100
5,25,,,transformer,e0_transformer_cls_w100_g25-20260401-020424-86efd02e,50,t07,exact-upstream,56.60828025477707,1.3024919572149871,,,,,diff,100
1,25,,,transformer,e0_transformer_cls_w100_g25-20260401-020535-86efd02e,50,t07,exact-upstream,13.893312101910828,3.1807549379433797,,,,,diff,100
2,25,,,transformer,e0_transformer_cls_w100_g25-20260401-020535-86efd02e,50,t07,exact-upstream,35.42993630573248,2.066170086526567,,,,,diff,100
3,25,,,transformer,e0_transformer_cls_w100_g25-20260401-020535-86efd02e,50,t07,exact-upstream,44.14808917197452,1.6657330253321654,,,,,diff,100
4,25,,,transformer,e0_transformer_cls_w100_g25-20260401-020535-86efd02e,50,t07,exact-upstream,53.66242038216561,1.358746651631252,,,,,diff,100
5,25,,,transformer,e0_transformer_cls_w100_g25-20260401-020535-86efd02e,50,t07,exact-upstream,56.60828025477707,1.3024919572149871,,,,,diff,100
1,25,,,transformer,e0_transformer_cls_w100_g25_shuffled_labels-20260401-024138-7fbc765f,50,t07,exact-upstream,1.7117834394904459,3.962224668757931,,,,,diff,100
2,25,,,transformer,e0_transformer_cls_w100_g25_shuffled_labels-20260401-024138-7fbc765f,50,t07,exact-upstream,1.7515923566878981,3.9229973881107987,,,,,diff,100
3,25,,,transformer,e0_transformer_cls_w100_g25_shuffled_labels-20260401-024138-7fbc765f,50,t07,exact-upstream,2.109872611464968,3.91316805219954,,,,,diff,100
4,25,,,transformer,e0_transformer_cls_w100_g25_shuffled_labels-20260401-024138-7fbc765f,50,t07,exact-upstream,1.6719745222929936,3.916280057020248,,,,,diff,100
5,25,,,transformer,e0_transformer_cls_w100_g25_shuffled_labels-20260401-024138-7fbc765f,50,t07,exact-upstream,1.910828025477707,3.91043444499848,,,,,diff,100
1,25,,,inception,e1_inception_fused_supervised_w100_g25-20260401-135032-d604f072,50,t10,research-extension,4.81687898089172,3.513509206711107,,,,,fused_raw_diff,100
2,25,,,inception,e1_inception_fused_supervised_w100_g25-20260401-135032-d604f072,50,t10,research-extension,12.261146496815286,2.8330714505189545,,,,,fused_raw_diff,100
3,25,,,inception,e1_inception_fused_supervised_w100_g25-20260401-135032-d604f072,50,t10,research-extension,18.312101910828027,2.4454004263422293,,,,,fused_raw_diff,100
4,25,,,inception,e1_inception_fused_supervised_w100_g25-20260401-135032-d604f072,50,t10,research-extension,25.55732484076433,2.1468170068825887,,,,,fused_raw_diff,100
5,25,,,inception,e1_inception_fused_supervised_w100_g25-20260401-135032-d604f072,50,t10,research-extension,30.37420382165605,1.9154169437991586,,,,,fused_raw_diff,100
6,25,,,inception,e1_inception_fused_supervised_w100_g25-20260401-135032-d604f072,50,t10,research-extension,36.38535031847134,1.7260675445483749,,,,,fused_raw_diff,100
7,25,,,inception,e1_inception_fused_supervised_w100_g25-20260401-135032-d604f072,50,t10,research-extension,41.40127388535032,1.5720495160218257,,,,,fused_raw_diff,100
8,25,,,inception,e1_inception_fused_supervised_w100_g25-20260401-135032-d604f072,50,t10,research-extension,47.92993630573248,1.388788202006346,,,,,fused_raw_diff,100
9,25,,,inception,e1_inception_fused_supervised_w100_g25-20260401-135032-d604f072,50,t10,research-extension,51.19426751592356,1.2879772277394677,,,,,fused_raw_diff,100
10,25,,,inception,e1_inception_fused_supervised_w100_g25-20260401-135032-d604f072,50,t10,research-extension,54.339171974522294,1.213021154616289,,,,,fused_raw_diff,100
11,25,,,inception,e1_inception_fused_supervised_w100_g25-20260401-135032-d604f072,50,t10,research-extension,56.488853503184714,1.1591423575285893,,,,,fused_raw_diff,100
12,25,,,inception,e1_inception_fused_supervised_w100_g25-20260401-135032-d604f072,50,t10,research-extension,59.87261146496815,1.0822036402999975,,,,,fused_raw_diff,100
13,25,,,inception,e1_inception_fused_supervised_w100_g25-20260401-135032-d604f072,50,t10,research-extension,61.504777070063696,1.0274691839886319,,,,,fused_raw_diff,100
14,25,,,inception,e1_inception_fused_supervised_w100_g25-20260401-135032-d604f072,50,t10,research-extension,64.01273885350318,0.9724372131809308,,,,,fused_raw_diff,100
15,25,,,inception,e1_inception_fused_supervised_w100_g25-20260401-135032-d604f072,50,t10,research-extension,65.48566878980891,0.9033767269675139,,,,,fused_raw_diff,100
16,25,,,inception,e1_inception_fused_supervised_w100_g25-20260401-135032-d604f072,50,t10,research-extension,69.18789808917198,0.8356341973991152,,,,,fused_raw_diff,100
17,25,,,inception,e1_inception_fused_supervised_w100_g25-20260401-135032-d604f072,50,t10,research-extension,71.01910828025478,0.8027613819784419,,,,,fused_raw_diff,100
18,25,,,inception,e1_inception_fused_supervised_w100_g25-20260401-135032-d604f072,50,t10,research-extension,68.15286624203821,0.8330246863091827,,,,,fused_raw_diff,100
19,25,,,inception,e1_inception_fused_supervised_w100_g25-20260401-135032-d604f072,50,t10,research-extension,73.20859872611464,0.7727547360073989,,,,,fused_raw_diff,100
20,25,,,inception,e1_inception_fused_supervised_w100_g25-20260401-135032-d604f072,50,t10,research-extension,74.68152866242038,0.7002483002699105,,,,,fused_raw_diff,100
21,25,,,inception,e1_inception_fused_supervised_w100_g25-20260401-135032-d604f072,50,t10,research-extension,77.26910828025478,0.6466896598506126,,,,,fused_raw_diff,100
22,25,,,inception,e1_inception_fused_supervised_w100_g25-20260401-135032-d604f072,50,t10,research-extension,75.8359872611465,0.6491349157254407,,,,,fused_raw_diff,100
23,25,,,inception,e1_inception_fused_supervised_w100_g25-20260401-135032-d604f072,50,t10,research-extension,79.14012738853503,0.5786557854360835,,,,,fused_raw_diff,100
24,25,,,inception,e1_inception_fused_supervised_w100_g25-20260401-135032-d604f072,50,t10,research-extension,80.01592356687898,0.5477393554274443,,,,,fused_raw_diff,100
25,25,,,inception,e1_inception_fused_supervised_w100_g25-20260401-135032-d604f072,50,t10,research-extension,80.61305732484077,0.5530361033928622,,,,,fused_raw_diff,100
26,25,,,inception,e1_inception_fused_supervised_w100_g25-20260401-135032-d604f072,50,t10,research-extension,83.79777070063695,0.4676946540167377,,,,,fused_raw_diff,100
27,25,,,inception,e1_inception_fused_supervised_w100_g25-20260401-135032-d604f072,50,t10,research-extension,83.12101910828025,0.4638633707146736,,,,,fused_raw_diff,100
28,25,,,inception,e1_inception_fused_supervised_w100_g25-20260401-135032-d604f072,50,t10,research-extension,84.15605095541402,0.42119800152292675,,,,,fused_raw_diff,100
29,25,,,inception,e1_inception_fused_supervised_w100_g25-20260401-135032-d604f072,50,t10,research-extension,84.31528662420382,0.43179027290101263,,,,,fused_raw_diff,100
30,25,,,inception,e1_inception_fused_supervised_w100_g25-20260401-135032-d604f072,50,t10,research-extension,84.67356687898089,0.42690255497671237,,,,,fused_raw_diff,100
1,25,,,cnn,f1_cnn_cls_w100_g25-20260401-030210-0ac336f0,50,t08,exact-upstream,14.769108280254777,3.2215038272225933,,,,,diff,100
2,25,,,cnn,f1_cnn_cls_w100_g25-20260401-030210-0ac336f0,50,t08,exact-upstream,30.812101910828027,2.4542256403880516,,,,,diff,100
3,25,,,cnn,f1_cnn_cls_w100_g25-20260401-030210-0ac336f0,50,t08,exact-upstream,39.53025477707006,2.0996252883012128,,,,,diff,100
4,25,,,cnn,f1_cnn_cls_w100_g25-20260401-030210-0ac336f0,50,t08,exact-upstream,46.93471337579618,1.836363982243143,,,,,diff,100
5,25,,,cnn,f1_cnn_cls_w100_g25-20260401-030210-0ac336f0,50,t08,exact-upstream,48.56687898089172,1.6645331754805937,,,,,diff,100
6,25,,,cnn,f1_cnn_cls_w100_g25-20260401-030210-0ac336f0,50,t08,exact-upstream,53.781847133757964,1.5308072627729672,,,,,diff,100
7,25,,,cnn,f1_cnn_cls_w100_g25-20260401-030210-0ac336f0,50,t08,exact-upstream,55.37420382165605,1.4593998884699146,,,,,diff,100
8,25,,,cnn,f1_cnn_cls_w100_g25-20260401-030210-0ac336f0,50,t08,exact-upstream,58.9171974522293,1.3581672641122418,,,,,diff,100
9,25,,,cnn,f1_cnn_cls_w100_g25-20260401-030210-0ac336f0,50,t08,exact-upstream,59.03662420382165,1.30675091485309,,,,,diff,100
10,25,,,cnn,f1_cnn_cls_w100_g25-20260401-030210-0ac336f0,50,t08,exact-upstream,60.27070063694268,1.2735515445660635,,,,,diff,100
11,25,,,cnn,f1_cnn_cls_w100_g25-20260401-030210-0ac336f0,50,t08,exact-upstream,62.5796178343949,1.1958067455109518,,,,,diff,100
12,25,,,cnn,f1_cnn_cls_w100_g25-20260401-030210-0ac336f0,50,t08,exact-upstream,63.495222929936304,1.155574734803218,,,,,diff,100
13,25,,,cnn,f1_cnn_cls_w100_g25-20260401-030210-0ac336f0,50,t08,exact-upstream,63.495222929936304,1.1223092527146552,,,,,diff,100
14,25,,,cnn,f1_cnn_cls_w100_g25-20260401-030210-0ac336f0,50,t08,exact-upstream,64.171974522293,1.0980772702557267,,,,,diff,100
15,25,,,cnn,f1_cnn_cls_w100_g25-20260401-030210-0ac336f0,50,t08,exact-upstream,67.15764331210191,1.0282390201167695,,,,,diff,100
16,25,,,cnn,f1_cnn_cls_w100_g25-20260401-030210-0ac336f0,50,t08,exact-upstream,66.60031847133757,1.037180218726966,,,,,diff,100
17,25,,,cnn,f1_cnn_cls_w100_g25-20260401-030210-0ac336f0,50,t08,exact-upstream,68.86942675159236,0.9802226967113034,,,,,diff,100
18,25,,,cnn,f1_cnn_cls_w100_g25-20260401-030210-0ac336f0,50,t08,exact-upstream,68.9092356687898,0.9654829323671426,,,,,diff,100
19,25,,,cnn,f1_cnn_cls_w100_g25-20260401-030210-0ac336f0,50,t08,exact-upstream,68.23248407643312,0.9530049759870881,,,,,diff,100
20,25,,,cnn,f1_cnn_cls_w100_g25-20260401-030210-0ac336f0,50,t08,exact-upstream,70.38216560509554,0.9357595686699934,,,,,diff,100
21,25,,,cnn,f1_cnn_cls_w100_g25-20260401-030210-0ac336f0,50,t08,exact-upstream,70.30254777070064,0.901948019197792,,,,,diff,100
22,25,,,cnn,f1_cnn_cls_w100_g25-20260401-030210-0ac336f0,50,t08,exact-upstream,71.77547770700637,0.8758273861210817,,,,,diff,100
23,25,,,cnn,f1_cnn_cls_w100_g25-20260401-030210-0ac336f0,50,t08,exact-upstream,70.82006369426752,0.8750905519837786,,,,,diff,100
24,25,,,cnn,f1_cnn_cls_w100_g25-20260401-030210-0ac336f0,50,t08,exact-upstream,71.73566878980891,0.8704538292186276,,,,,diff,100
25,25,,,cnn,f1_cnn_cls_w100_g25-20260401-030210-0ac336f0,50,t08,exact-upstream,73.20859872611464,0.8435248770531575,,,,,diff,100
26,25,,,cnn,f1_cnn_cls_w100_g25-20260401-030210-0ac336f0,50,t08,exact-upstream,73.20859872611464,0.7994272982238964,,,,,diff,100
27,25,,,cnn,f1_cnn_cls_w100_g25-20260401-030210-0ac336f0,50,t08,exact-upstream,73.68630573248407,0.8222066703116059,,,,,diff,100
28,25,,,cnn,f1_cnn_cls_w100_g25-20260401-030210-0ac336f0,50,t08,exact-upstream,75.27866242038216,0.7732350211234609,,,,,diff,100
29,25,,,cnn,f1_cnn_cls_w100_g25-20260401-030210-0ac336f0,50,t08,exact-upstream,73.60668789808918,0.7847511817695229,,,,,diff,100
30,25,,,cnn,f1_cnn_cls_w100_g25-20260401-030210-0ac336f0,50,t08,exact-upstream,75.1592356687898,0.7649583076215853,,,,,diff,100
31,25,,,cnn,f1_cnn_cls_w100_g25-20260401-030210-0ac336f0,50,t08,exact-upstream,75.27866242038216,0.7499074134857032,,,,,diff,100
32,25,,,cnn,f1_cnn_cls_w100_g25-20260401-030210-0ac336f0,50,t08,exact-upstream,74.72133757961784,0.7538731682832074,,,,,diff,100
33,25,,,cnn,f1_cnn_cls_w100_g25-20260401-030210-0ac336f0,50,t08,exact-upstream,75.43789808917198,0.7405097484588623,,,,,diff,100
34,25,,,cnn,f1_cnn_cls_w100_g25-20260401-030210-0ac336f0,50,t08,exact-upstream,76.39331210191082,0.7471918691495422,,,,,diff,100
35,25,,,cnn,f1_cnn_cls_w100_g25-20260401-030210-0ac336f0,50,t08,exact-upstream,76.35350318471338,0.7357711416141243,,,,,diff,100
36,25,,,cnn,f1_cnn_cls_w100_g25-20260401-030210-0ac336f0,50,t08,exact-upstream,76.39331210191082,0.7308165290553099,,,,,diff,100
37,25,,,cnn,f1_cnn_cls_w100_g25-20260401-030210-0ac336f0,50,t08,exact-upstream,77.7468152866242,0.6933771630001676,,,,,diff,100
38,25,,,cnn,f1_cnn_cls_w100_g25-20260401-030210-0ac336f0,50,t08,exact-upstream,76.59235668789809,0.7116122803870281,,,,,diff,100
39,25,,,cnn,f1_cnn_cls_w100_g25-20260401-030210-0ac336f0,50,t08,exact-upstream,77.03025477707007,0.7051934896001391,,,,,diff,100
40,25,,,cnn,f1_cnn_cls_w100_g25-20260401-030210-0ac336f0,50,t08,exact-upstream,77.70700636942675,0.6937370342054184,,,,,diff,100
1,25,,,cnn,f1_cnn_cls_w100_g25-20260401-030733-f04ff1b1,50,t08,exact-upstream,14.769108280254777,3.2215038272225933,,,,,diff,100
2,25,,,cnn,f1_cnn_cls_w100_g25-20260401-030733-f04ff1b1,50,t08,exact-upstream,30.812101910828027,2.4542256403880516,,,,,diff,100
3,25,,,cnn,f1_cnn_cls_w100_g25-20260401-030733-f04ff1b1,50,t08,exact-upstream,39.53025477707006,2.0996252883012128,,,,,diff,100
4,25,,,cnn,f1_cnn_cls_w100_g25-20260401-030733-f04ff1b1,50,t08,exact-upstream,46.93471337579618,1.836363982243143,,,,,diff,100
5,25,,,cnn,f1_cnn_cls_w100_g25-20260401-030733-f04ff1b1,50,t08,exact-upstream,48.56687898089172,1.6645331754805937,,,,,diff,100
6,25,,,cnn,f1_cnn_cls_w100_g25-20260401-030733-f04ff1b1,50,t08,exact-upstream,53.781847133757964,1.5308072627729672,,,,,diff,100
7,25,,,cnn,f1_cnn_cls_w100_g25-20260401-030733-f04ff1b1,50,t08,exact-upstream,55.37420382165605,1.4593998884699146,,,,,diff,100
8,25,,,cnn,f1_cnn_cls_w100_g25-20260401-030733-f04ff1b1,50,t08,exact-upstream,58.9171974522293,1.3581672641122418,,,,,diff,100
9,25,,,cnn,f1_cnn_cls_w100_g25-20260401-030733-f04ff1b1,50,t08,exact-upstream,59.03662420382165,1.30675091485309,,,,,diff,100
10,25,,,cnn,f1_cnn_cls_w100_g25-20260401-030733-f04ff1b1,50,t08,exact-upstream,60.27070063694268,1.2735515445660635,,,,,diff,100
11,25,,,cnn,f1_cnn_cls_w100_g25-20260401-030733-f04ff1b1,50,t08,exact-upstream,62.5796178343949,1.1958067455109518,,,,,diff,100
12,25,,,cnn,f1_cnn_cls_w100_g25-20260401-030733-f04ff1b1,50,t08,exact-upstream,63.495222929936304,1.155574734803218,,,,,diff,100
13,25,,,cnn,f1_cnn_cls_w100_g25-20260401-030733-f04ff1b1,50,t08,exact-upstream,63.495222929936304,1.1223092527146552,,,,,diff,100
14,25,,,cnn,f1_cnn_cls_w100_g25-20260401-030733-f04ff1b1,50,t08,exact-upstream,64.171974522293,1.0980772702557267,,,,,diff,100
15,25,,,cnn,f1_cnn_cls_w100_g25-20260401-030733-f04ff1b1,50,t08,exact-upstream,67.15764331210191,1.0282390201167695,,,,,diff,100
16,25,,,cnn,f1_cnn_cls_w100_g25-20260401-030733-f04ff1b1,50,t08,exact-upstream,66.60031847133757,1.037180218726966,,,,,diff,100
17,25,,,cnn,f1_cnn_cls_w100_g25-20260401-030733-f04ff1b1,50,t08,exact-upstream,68.86942675159236,0.9802226967113034,,,,,diff,100
18,25,,,cnn,f1_cnn_cls_w100_g25-20260401-030733-f04ff1b1,50,t08,exact-upstream,68.9092356687898,0.9654829323671426,,,,,diff,100
19,25,,,cnn,f1_cnn_cls_w100_g25-20260401-030733-f04ff1b1,50,t08,exact-upstream,68.23248407643312,0.9530049759870881,,,,,diff,100
20,25,,,cnn,f1_cnn_cls_w100_g25-20260401-030733-f04ff1b1,50,t08,exact-upstream,70.38216560509554,0.9357595686699934,,,,,diff,100
21,25,,,cnn,f1_cnn_cls_w100_g25-20260401-030733-f04ff1b1,50,t08,exact-upstream,70.30254777070064,0.901948019197792,,,,,diff,100
22,25,,,cnn,f1_cnn_cls_w100_g25-20260401-030733-f04ff1b1,50,t08,exact-upstream,71.77547770700637,0.8758273861210817,,,,,diff,100
23,25,,,cnn,f1_cnn_cls_w100_g25-20260401-030733-f04ff1b1,50,t08,exact-upstream,70.82006369426752,0.8750905519837786,,,,,diff,100
24,25,,,cnn,f1_cnn_cls_w100_g25-20260401-030733-f04ff1b1,50,t08,exact-upstream,71.73566878980891,0.8704538292186276,,,,,diff,100
25,25,,,cnn,f1_cnn_cls_w100_g25-20260401-030733-f04ff1b1,50,t08,exact-upstream,73.20859872611464,0.8435248770531575,,,,,diff,100
26,25,,,cnn,f1_cnn_cls_w100_g25-20260401-030733-f04ff1b1,50,t08,exact-upstream,73.20859872611464,0.7994272982238964,,,,,diff,100
27,25,,,cnn,f1_cnn_cls_w100_g25-20260401-030733-f04ff1b1,50,t08,exact-upstream,73.68630573248407,0.8222066703116059,,,,,diff,100
28,25,,,cnn,f1_cnn_cls_w100_g25-20260401-030733-f04ff1b1,50,t08,exact-upstream,75.27866242038216,0.7732350211234609,,,,,diff,100
29,25,,,cnn,f1_cnn_cls_w100_g25-20260401-030733-f04ff1b1,50,t08,exact-upstream,73.60668789808918,0.7847511817695229,,,,,diff,100
30,25,,,cnn,f1_cnn_cls_w100_g25-20260401-030733-f04ff1b1,50,t08,exact-upstream,75.1592356687898,0.7649583076215853,,,,,diff,100
31,25,,,cnn,f1_cnn_cls_w100_g25-20260401-030733-f04ff1b1,50,t08,exact-upstream,75.27866242038216,0.7499074134857032,,,,,diff,100
32,25,,,cnn,f1_cnn_cls_w100_g25-20260401-030733-f04ff1b1,50,t08,exact-upstream,74.72133757961784,0.7538731682832074,,,,,diff,100
33,25,,,cnn,f1_cnn_cls_w100_g25-20260401-030733-f04ff1b1,50,t08,exact-upstream,75.43789808917198,0.7405097484588623,,,,,diff,100
34,25,,,cnn,f1_cnn_cls_w100_g25-20260401-030733-f04ff1b1,50,t08,exact-upstream,76.39331210191082,0.7471918691495422,,,,,diff,100
35,25,,,cnn,f1_cnn_cls_w100_g25-20260401-030733-f04ff1b1,50,t08,exact-upstream,76.35350318471338,0.7357711416141243,,,,,diff,100
36,25,,,cnn,f1_cnn_cls_w100_g25-20260401-030733-f04ff1b1,50,t08,exact-upstream,76.39331210191082,0.7308165290553099,,,,,diff,100
37,25,,,cnn,f1_cnn_cls_w100_g25-20260401-030733-f04ff1b1,50,t08,exact-upstream,77.7468152866242,0.6933771630001676,,,,,diff,100
38,25,,,cnn,f1_cnn_cls_w100_g25-20260401-030733-f04ff1b1,50,t08,exact-upstream,76.59235668789809,0.7116122803870281,,,,,diff,100
39,25,,,cnn,f1_cnn_cls_w100_g25-20260401-030733-f04ff1b1,50,t08,exact-upstream,77.03025477707007,0.7051934896001391,,,,,diff,100
40,25,,,cnn,f1_cnn_cls_w100_g25-20260401-030733-f04ff1b1,50,t08,exact-upstream,77.70700636942675,0.6937370342054184,,,,,diff,100
1,25,,,cnn,f1_cnn_cls_w100_g25-20260401-030915-420a9ae4,50,t08,exact-upstream,17.038216560509554,2.9932046574392137,,,,,diff,100
2,25,,,cnn,f1_cnn_cls_w100_g25-20260401-030915-420a9ae4,50,t08,exact-upstream,33.67834394904459,2.1723962149042992,,,,,diff,100
3,25,,,cnn,f1_cnn_cls_w100_g25-20260401-030915-420a9ae4,50,t08,exact-upstream,43.152866242038215,1.8345340300517476,,,,,diff,100
4,25,,,cnn,f1_cnn_cls_w100_g25-20260401-030915-420a9ae4,50,t08,exact-upstream,48.96496815286624,1.602861958704177,,,,,diff,100
5,25,,,cnn,f1_cnn_cls_w100_g25-20260401-030915-420a9ae4,50,t08,exact-upstream,51.910828025477706,1.459227269622171,,,,,diff,100
6,25,,,cnn,f1_cnn_cls_w100_g25-20260401-030915-420a9ae4,50,t08,exact-upstream,54.73726114649681,1.3680711589801084,,,,,diff,100
7,25,,,cnn,f1_cnn_cls_w100_g25-20260401-030915-420a9ae4,50,t08,exact-upstream,56.25,1.3284891896946416,,,,,diff,100
8,25,,,cnn,f1_cnn_cls_w100_g25-20260401-030915-420a9ae4,50,t08,exact-upstream,59.15605095541401,1.2578822419901563,,,,,diff,100
9,25,,,cnn,f1_cnn_cls_w100_g25-20260401-030915-420a9ae4,50,t08,exact-upstream,60.98726114649681,1.1906359104593849,,,,,diff,100
10,25,,,cnn,f1_cnn_cls_w100_g25-20260401-030915-420a9ae4,50,t08,exact-upstream,60.35031847133758,1.196740426834981,,,,,diff,100
11,25,,,cnn,f1_cnn_cls_w100_g25-20260401-030915-420a9ae4,50,t08,exact-upstream,64.3312101910828,1.103518301893951,,,,,diff,100
12,25,,,cnn,f1_cnn_cls_w100_g25-20260401-030915-420a9ae4,50,t08,exact-upstream,65.12738853503184,1.0540787869957602,,,,,diff,100
13,25,,,cnn,f1_cnn_cls_w100_g25-20260401-030915-420a9ae4,50,t08,exact-upstream,65.88375796178345,1.031707341503945,,,,,diff,100
14,25,,,cnn,f1_cnn_cls_w100_g25-20260401-030915-420a9ae4,50,t08,exact-upstream,66.48089171974522,0.9996634114320111,,,,,diff,100
15,25,,,cnn,f1_cnn_cls_w100_g25-20260401-030915-420a9ae4,50,t08,exact-upstream,69.18789808917198,0.928642042123588,,,,,diff,100
16,25,,,cnn,f1_cnn_cls_w100_g25-20260401-030915-420a9ae4,50,t08,exact-upstream,69.34713375796179,0.9374141093272312,,,,,diff,100
17,25,,,cnn,f1_cnn_cls_w100_g25-20260401-030915-420a9ae4,50,t08,exact-upstream,69.94426751592357,0.8872154127260682,,,,,diff,100
18,25,,,cnn,f1_cnn_cls_w100_g25-20260401-030915-420a9ae4,50,t08,exact-upstream,70.85987261146497,0.8841652175423446,,,,,diff,100
19,25,,,cnn,f1_cnn_cls_w100_g25-20260401-030915-420a9ae4,50,t08,exact-upstream,70.46178343949045,0.8672125893793289,,,,,diff,100
20,25,,,cnn,f1_cnn_cls_w100_g25-20260401-030915-420a9ae4,50,t08,exact-upstream,71.05891719745223,0.8698564995625976,,,,,diff,100
21,25,,,cnn,f1_cnn_cls_w100_g25-20260401-030915-420a9ae4,50,t08,exact-upstream,73.40764331210191,0.8055754121701428,,,,,diff,100
22,25,,,cnn,f1_cnn_cls_w100_g25-20260401-030915-420a9ae4,50,t08,exact-upstream,73.40764331210191,0.7902770968759136,,,,,diff,100
23,25,,,cnn,f1_cnn_cls_w100_g25-20260401-030915-420a9ae4,50,t08,exact-upstream,71.77547770700637,0.8073415549317743,,,,,diff,100
24,25,,,cnn,f1_cnn_cls_w100_g25-20260401-030915-420a9ae4,50,t08,exact-upstream,74.04458598726114,0.7957731975111991,,,,,diff,100
25,25,,,cnn,f1_cnn_cls_w100_g25-20260401-030915-420a9ae4,50,t08,exact-upstream,75.03980891719745,0.7747359036639997,,,,,diff,100
26,25,,,cnn,f1_cnn_cls_w100_g25-20260401-030915-420a9ae4,50,t08,exact-upstream,76.43312101910828,0.7129161359777876,,,,,diff,100
27,25,,,cnn,f1_cnn_cls_w100_g25-20260401-030915-420a9ae4,50,t08,exact-upstream,74.36305732484077,0.7631594037554067,,,,,diff,100
28,25,,,cnn,f1_cnn_cls_w100_g25-20260401-030915-420a9ae4,50,t08,exact-upstream,75.87579617834395,0.7215791500298081,,,,,diff,100
29,25,,,cnn,f1_cnn_cls_w100_g25-20260401-030915-420a9ae4,50,t08,exact-upstream,75.47770700636943,0.721855431984944,,,,,diff,100
30,25,,,cnn,f1_cnn_cls_w100_g25-20260401-030915-420a9ae4,50,t08,exact-upstream,76.59235668789809,0.711970957221499,,,,,diff,100
31,25,,,cnn,f1_cnn_cls_w100_g25-20260401-030915-420a9ae4,50,t08,exact-upstream,75.75636942675159,0.6811459580804132,,,,,diff,100
32,25,,,cnn,f1_cnn_cls_w100_g25-20260401-030915-420a9ae4,50,t08,exact-upstream,76.87101910828025,0.6932294843303171,,,,,diff,100
33,25,,,cnn,f1_cnn_cls_w100_g25-20260401-030915-420a9ae4,50,t08,exact-upstream,76.671974522293,0.683953234344531,,,,,diff,100
34,25,,,cnn,f1_cnn_cls_w100_g25-20260401-030915-420a9ae4,50,t08,exact-upstream,77.50796178343948,0.6842994010372526,,,,,diff,100
35,25,,,cnn,f1_cnn_cls_w100_g25-20260401-030915-420a9ae4,50,t08,exact-upstream,77.50796178343948,0.6760351141546942,,,,,diff,100
36,25,,,cnn,f1_cnn_cls_w100_g25-20260401-030915-420a9ae4,50,t08,exact-upstream,78.54299363057325,0.645912625987059,,,,,diff,100
37,25,,,cnn,f1_cnn_cls_w100_g25-20260401-030915-420a9ae4,50,t08,exact-upstream,78.74203821656052,0.6195918017891562,,,,,diff,100
38,25,,,cnn,f1_cnn_cls_w100_g25-20260401-030915-420a9ae4,50,t08,exact-upstream,78.18471337579618,0.6493798782871028,,,,,diff,100
39,25,,,cnn,f1_cnn_cls_w100_g25-20260401-030915-420a9ae4,50,t08,exact-upstream,78.70222929936305,0.6341560080552556,,,,,diff,100
40,25,,,cnn,f1_cnn_cls_w100_g25-20260401-030915-420a9ae4,50,t08,exact-upstream,79.53821656050955,0.6158487310834752,,,,,diff,100
41,25,,,cnn,f1_cnn_cls_w100_g25-20260401-030915-420a9ae4,50,t08,exact-upstream,79.37898089171975,0.6330270641928266,,,,,diff,100
42,25,,,cnn,f1_cnn_cls_w100_g25-20260401-030915-420a9ae4,50,t08,exact-upstream,81.28980891719745,0.5671544133857557,,,,,diff,100
43,25,,,cnn,f1_cnn_cls_w100_g25-20260401-030915-420a9ae4,50,t08,exact-upstream,78.5828025477707,0.6276169013065896,,,,,diff,100
44,25,,,cnn,f1_cnn_cls_w100_g25-20260401-030915-420a9ae4,50,t08,exact-upstream,79.578025477707,0.6062178152381994,,,,,diff,100
45,25,,,cnn,f1_cnn_cls_w100_g25-20260401-030915-420a9ae4,50,t08,exact-upstream,81.05095541401273,0.5598876339614771,,,,,diff,100
46,25,,,cnn,f1_cnn_cls_w100_g25-20260401-030915-420a9ae4,50,t08,exact-upstream,80.49363057324841,0.5624339219870841,,,,,diff,100
47,25,,,cnn,f1_cnn_cls_w100_g25-20260401-030915-420a9ae4,50,t08,exact-upstream,81.64808917197452,0.5382157514809044,,,,,diff,100
48,25,,,cnn,f1_cnn_cls_w100_g25-20260401-030915-420a9ae4,50,t08,exact-upstream,80.4140127388535,0.5652628423302037,,,,,diff,100
49,25,,,cnn,f1_cnn_cls_w100_g25-20260401-030915-420a9ae4,50,t08,exact-upstream,81.80732484076434,0.5404916250022354,,,,,diff,100
50,25,,,cnn,f1_cnn_cls_w100_g25-20260401-030915-420a9ae4,50,t08,exact-upstream,82.80254777070064,0.5026030276611353,,,,,diff,100
51,25,,,cnn,f1_cnn_cls_w100_g25-20260401-030915-420a9ae4,50,t08,exact-upstream,81.76751592356688,0.5402327001474465,,,,,diff,100
52,25,,,cnn,f1_cnn_cls_w100_g25-20260401-030915-420a9ae4,50,t08,exact-upstream,81.60828025477707,0.530340940519503,,,,,diff,100
53,25,,,cnn,f1_cnn_cls_w100_g25-20260401-030915-420a9ae4,50,t08,exact-upstream,83.59872611464968,0.49638915346686246,,,,,diff,100
54,25,,,cnn,f1_cnn_cls_w100_g25-20260401-030915-420a9ae4,50,t08,exact-upstream,81.52866242038216,0.548904018796933,,,,,diff,100
55,25,,,cnn,f1_cnn_cls_w100_g25-20260401-030915-420a9ae4,50,t08,exact-upstream,82.72292993630573,0.5032688827271674,,,,,diff,100
56,25,,,cnn,f1_cnn_cls_w100_g25-20260401-030915-420a9ae4,50,t08,exact-upstream,82.12579617834395,0.5245483365787822,,,,,diff,100
57,25,,,cnn,f1_cnn_cls_w100_g25-20260401-030915-420a9ae4,50,t08,exact-upstream,81.88694267515923,0.5381461772949073,,,,,diff,100
58,25,,,cnn,f1_cnn_cls_w100_g25-20260401-030915-420a9ae4,50,t08,exact-upstream,84.07643312101911,0.44836936634816943,,,,,diff,100
59,25,,,cnn,f1_cnn_cls_w100_g25-20260401-030915-420a9ae4,50,t08,exact-upstream,83.55891719745223,0.48683414983141954,,,,,diff,100
60,25,,,cnn,f1_cnn_cls_w100_g25-20260401-030915-420a9ae4,50,t08,exact-upstream,83.24044585987261,0.47749606173509246,,,,,diff,100
61,25,,,cnn,f1_cnn_cls_w100_g25-20260401-030915-420a9ae4,50,t08,exact-upstream,84.11624203821655,0.5004745960994891,,,,,diff,100
62,25,,,cnn,f1_cnn_cls_w100_g25-20260401-030915-420a9ae4,50,t08,exact-upstream,83.8375796178344,0.4782778911150185,,,,,diff,100
63,25,,,cnn,f1_cnn_cls_w100_g25-20260401-030915-420a9ae4,50,t08,exact-upstream,85.27070063694268,0.4364844021523834,,,,,diff,100
64,25,,,cnn,f1_cnn_cls_w100_g25-20260401-030915-420a9ae4,50,t08,exact-upstream,84.39490445859873,0.4810055321568896,,,,,diff,100
65,25,,,cnn,f1_cnn_cls_w100_g25-20260401-030915-420a9ae4,50,t08,exact-upstream,84.9124203821656,0.46532658938389676,,,,,diff,100
66,25,,,cnn,f1_cnn_cls_w100_g25-20260401-030915-420a9ae4,50,t08,exact-upstream,84.47452229299363,0.4602227182524979,,,,,diff,100
67,25,,,cnn,f1_cnn_cls_w100_g25-20260401-030915-420a9ae4,50,t08,exact-upstream,85.70859872611464,0.4287712358555217,,,,,diff,100
68,25,,,cnn,f1_cnn_cls_w100_g25-20260401-030915-420a9ae4,50,t08,exact-upstream,84.47452229299363,0.43328643794272353,,,,,diff,100
69,25,,,cnn,f1_cnn_cls_w100_g25-20260401-030915-420a9ae4,50,t08,exact-upstream,85.19108280254777,0.4369471815361339,,,,,diff,100
70,25,,,cnn,f1_cnn_cls_w100_g25-20260401-030915-420a9ae4,50,t08,exact-upstream,84.67356687898089,0.4305487850289436,,,,,diff,100
71,25,,,cnn,f1_cnn_cls_w100_g25-20260401-030915-420a9ae4,50,t08,exact-upstream,85.35031847133757,0.42766585224752973,,,,,diff,100
72,25,,,cnn,f1_cnn_cls_w100_g25-20260401-030915-420a9ae4,50,t08,exact-upstream,86.34554140127389,0.4128563345237902,,,,,diff,100
73,25,,,cnn,f1_cnn_cls_w100_g25-20260401-030915-420a9ae4,50,t08,exact-upstream,87.02229299363057,0.41374415225663763,,,,,diff,100
74,25,,,cnn,f1_cnn_cls_w100_g25-20260401-030915-420a9ae4,50,t08,exact-upstream,85.70859872611464,0.4131109332013282,,,,,diff,100
75,25,,,cnn,f1_cnn_cls_w100_g25-20260401-030915-420a9ae4,50,t08,exact-upstream,86.22611464968153,0.41495908635437107,,,,,diff,100
76,25,,,cnn,f1_cnn_cls_w100_g25-20260401-030915-420a9ae4,50,t08,exact-upstream,86.26592356687898,0.41225871994237234,,,,,diff,100
77,25,,,cnn,f1_cnn_cls_w100_g25-20260401-030915-420a9ae4,50,t08,exact-upstream,86.62420382165605,0.3975372392280846,,,,,diff,100
78,25,,,cnn,f1_cnn_cls_w100_g25-20260401-030915-420a9ae4,50,t08,exact-upstream,85.86783439490446,0.3836246942448768,,,,,diff,100
79,25,,,cnn,f1_cnn_cls_w100_g25-20260401-030915-420a9ae4,50,t08,exact-upstream,85.94745222929936,0.4102611906209569,,,,,diff,100
80,25,,,cnn,f1_cnn_cls_w100_g25-20260401-030915-420a9ae4,50,t08,exact-upstream,86.90286624203821,0.3945685255869179,,,,,diff,100
81,25,,,cnn,f1_cnn_cls_w100_g25-20260401-030915-420a9ae4,50,t08,exact-upstream,86.5843949044586,0.37831850323802346,,,,,diff,100
82,25,,,cnn,f1_cnn_cls_w100_g25-20260401-030915-420a9ae4,50,t08,exact-upstream,87.10191082802548,0.36738119412000014,,,,,diff,100
83,25,,,cnn,f1_cnn_cls_w100_g25-20260401-030915-420a9ae4,50,t08,exact-upstream,87.46019108280255,0.37576001825605987,,,,,diff,100
84,25,,,cnn,f1_cnn_cls_w100_g25-20260401-030915-420a9ae4,50,t08,exact-upstream,88.1767515923567,0.36097160237989606,,,,,diff,100
85,25,,,cnn,f1_cnn_cls_w100_g25-20260401-030915-420a9ae4,50,t08,exact-upstream,88.05732484076434,0.35275587714781426,,,,,diff,100
86,25,,,cnn,f1_cnn_cls_w100_g25-20260401-030915-420a9ae4,50,t08,exact-upstream,87.46019108280255,0.37107132802343673,,,,,diff,100
87,25,,,cnn,f1_cnn_cls_w100_g25-20260401-030915-420a9ae4,50,t08,exact-upstream,88.57484076433121,0.34421661562600714,,,,,diff,100
88,25,,,cnn,f1_cnn_cls_w100_g25-20260401-030915-420a9ae4,50,t08,exact-upstream,88.09713375796179,0.3521716307113125,,,,,diff,100
89,25,,,cnn,f1_cnn_cls_w100_g25-20260401-030915-420a9ae4,50,t08,exact-upstream,88.97292993630573,0.33308979470259065,,,,,diff,100
90,25,,,cnn,f1_cnn_cls_w100_g25-20260401-030915-420a9ae4,50,t08,exact-upstream,87.81847133757962,0.3644453880323726,,,,,diff,100
1,25,true,0.003,cnn,m01_cnn_all12_diff_fileagg-20260401-180808-e777df14,50,m01,moonshot-enhanced-setting,25.384997516145056,2.8523238430080045,44.0,33.14285714285714,30.66132264529058,25.808880914787675,diff_all12,100
2,25,true,0.002999503121214558,cnn,m01_cnn_all12_diff_fileagg-20260401-180808-e777df14,50,m01,moonshot-enhanced-setting,46.547441629408844,1.9604514873389043,60.0,53.466666666666676,42.88577154308617,39.85458433975843,diff_all12,100
3,25,true,0.0029980128253941324,cnn,m01_cnn_all12_diff_fileagg-20260401-180808-e777df14,50,m01,moonshot-enhanced-setting,57.17834078489816,1.659007395610724,68.0,59.13333333333334,53.106212424849694,50.849392986699684,diff_all12,100
4,25,true,0.002995530133913036,cnn,m01_cnn_all12_diff_fileagg-20260401-180808-e777df14,50,m01,moonshot-enhanced-setting,63.58668653750621,1.5001393980015822,74.0,68.0,52.30460921843687,49.19954528325192,diff_all12,100
5,25,false,0.0029920567482839967,cnn,m01_cnn_all12_diff_fileagg-20260401-180808-e777df14,50,m01,moonshot-enhanced-setting,67.95827123695976,1.3919216673349304,68.0,59.66666666666667,50.300601202404806,45.86124452472493,diff_all12,100
6,25,true,0.0029875950489920257,cnn,m01_cnn_all12_diff_fileagg-20260401-180808-e777df14,50,m01,moonshot-enhanced-setting,70.54148037754595,1.3030666619228357,80.0,74.33333333333333,58.116232464929865,56.26047927872669,diff_all12,100
7,25,false,0.0029821480938629504,cnn,m01_cnn_all12_diff_fileagg-20260401-180808-e777df14,50,m01,moonshot-enhanced-setting,72.28017883755588,1.2606309434399934,70.0,62.33333333333333,53.50701402805611,50.460576142546884,diff_all12,100
8,25,false,0.0029757196159677347,cnn,m01_cnn_all12_diff_fileagg-20260401-180808-e777df14,50,m01,moonshot-enhanced-setting,75.55886736214605,1.2158716718651914,64.0,56.00000000000001,53.3066132264529,50.68153655769755,diff_all12,100
9,25,false,0.0029683140210640183,cnn,m01_cnn_all12_diff_fileagg-20260401-180808-e777df14,50,m01,moonshot-enhanced-setting,76.40337804272231,1.1691068635908337,76.0,69.13333333333333,57.11422845691383,54.06751261064924,diff_all12,100
10,25,false,0.0029599363845766308,cnn,m01_cnn_all12_diff_fileagg-20260401-180808-e777df14,50,m01,moonshot-enhanced-setting,77.59562841530055,1.1179421178393263,74.0,67.66666666666666,54.10821643286573,52.11496267459984,diff_all12,100
11,25,false,0.0029505924481191487,cnn,m01_cnn_all12_diff_fileagg-20260401-180808-e777df14,50,m01,moonshot-enhanced-setting,78.73820168902137,1.102803722993687,74.0,66.33333333333333,58.116232464929865,56.06744355668619,diff_all12,100
12,25,false,0.0029402886155588796,cnn,m01_cnn_all12_diff_fileagg-20260401-180808-e777df14,50,m01,moonshot-enhanced-setting,81.7685047193244,1.0266418852618957,76.0,68.66666666666666,60.120240480961925,57.68724098270902,diff_all12,100
13,25,false,0.0029290319486279725,cnn,m01_cnn_all12_diff_fileagg-20260401-180808-e777df14,50,m01,moonshot-enhanced-setting,81.7685047193244,1.0102372043060535,72.0,65.33333333333333,57.91583166332666,56.68411716899906,diff_all12,100
14,25,false,0.0029168301620836586,cnn,m01_cnn_all12_diff_fileagg-20260401-180808-e777df14,50,m01,moonshot-enhanced-setting,83.40784898161948,0.9707681182836693,70.0,62.0,58.717434869739485,56.916839893578356,diff_all12,100
15,25,false,0.002903691618420942,cnn,m01_cnn_all12_diff_fileagg-20260401-180808-e777df14,50,m01,moonshot-enhanced-setting,85.09687034277198,0.9285068946635611,78.0,72.0,62.925851703406806,61.0989576105553,diff_all12,100
16,25,false,0.0028896253221413655,cnn,m01_cnn_all12_diff_fileagg-20260401-180808-e777df14,50,m01,moonshot-enhanced-setting,84.89816194734227,0.9458599591574974,70.0,62.999999999999986,57.91583166332666,56.438795049458655,diff_all12,100
17,25,true,0.002874640913581771,cnn,m01_cnn_all12_diff_fileagg-20260401-180808-e777df14,50,m01,moonshot-enhanced-setting,86.18976651763538,0.9045316166861165,82.0,77.33333333333333,58.116232464929865,56.77076572486648,diff_all12,100
18,25,false,0.002858748662307298,cnn,m01_cnn_all12_diff_fileagg-20260401-180808-e777df14,50,m01,moonshot-enhanced-setting,85.24590163934427,0.9116480027154732,76.0,70.99999999999999,58.517034068136276,56.0828445460277,diff_all12,100
19,25,false,0.002841959460073133,cnn,m01_cnn_all12_diff_fileagg-20260401-180808-e777df14,50,m01,moonshot-enhanced-setting,86.33879781420765,0.8869684865921218,72.0,64.66666666666666,59.519038076152306,57.618290184117626,diff_all12,100
20,25,true,0.0028242848133598493,cnn,m01_cnn_all12_diff_fileagg-20260401-180808-e777df14,50,m01,moonshot-enhanced-setting,87.13363139592647,0.8650700667576001,84.0,79.33333333333333,57.71543086172345,56.02116206152304,diff_all12,100
21,25,false,0.002805736835487436,cnn,m01_cnn_all12_diff_fileagg-20260401-180808-e777df14,50,m01,moonshot-enhanced-setting,89.46845504222553,0.8339882556088102,74.0,68.46666666666667,61.12224448897795,59.773835135406785,diff_all12,100
22,25,false,0.002786328238313433,cnn,m01_cnn_all12_diff_fileagg-20260401-180808-e777df14,50,m01,moonshot-enhanced-setting,88.2762046696473,0.841787843341799,76.0,69.66666666666666,58.717434869739485,57.209212968562326,diff_all12,100
23,25,false,0.0027660723235208642,cnn,m01_cnn_all12_diff_fileagg-20260401-180808-e777df14,50,m01,moonshot-enhanced-setting,90.46199701937407,0.7990282597496802,72.0,64.66666666666666,58.717434869739485,57.543517648551976,diff_all12,100
24,25,false,0.0027449829735019223,cnn,m01_cnn_all12_diff_fileagg-20260401-180808-e777df14,50,m01,moonshot-enhanced-setting,89.71684053651266,0.7892743809804713,76.0,69.0,60.320641282565134,59.453057977852694,diff_all12,100
25,25,false,0.0027230746418436735,cnn,m01_cnn_all12_diff_fileagg-20260401-180808-e777df14,50,m01,moonshot-enhanced-setting,90.9090909090909,0.7957738660427687,76.0,69.66666666666666,60.72144288577155,59.92909623980697,diff_all12,100
26,25,false,0.0027003623434222906,cnn,m01_cnn_all12_diff_fileagg-20260401-180808-e777df14,50,m01,moonshot-enhanced-setting,90.5116741182315,0.7885132089397887,76.0,69.33333333333333,63.92785571142284,61.828551028225185,diff_all12,100
27,25,false,0.0026768616441126074,cnn,m01_cnn_all12_diff_fileagg-20260401-180808-e777df14,50,m01,moonshot-enhanced-setting,90.11425732737209,0.7881103267257509,82.0,77.66666666666667,61.523046092184366,60.350191427280045,diff_all12,100
28,25,true,0.0026525886501200446,cnn,m01_cnn_all12_diff_fileagg-20260401-180808-e777df14,50,m01,moonshot-enhanced-setting,90.85941381023348,0.7807476626245524,86.0,81.99999999999999,61.12224448897795,60.57265722503913,diff_all12,100
29,25,false,0.0026275599969422213,cnn,m01_cnn_all12_diff_fileagg-20260401-180808-e777df14,50,m01,moonshot-enhanced-setting,91.65424739195231,0.7522067880073828,76.0,68.99999999999999,58.116232464929865,55.027329971511904,diff_all12,100
30,25,false,0.0026017928379678166,cnn,m01_cnn_all12_diff_fileagg-20260401-180808-e777df14,50,m01,moonshot-enhanced-setting,92.59811227024342,0.7376313699280748,76.0,69.66666666666666,56.71342685370742,54.62882836052611,diff_all12,100
31,25,false,0.0025753048327204937,cnn,m01_cnn_all12_diff_fileagg-20260401-180808-e777df14,50,m01,moonshot-enhanced-setting,93.04520615996026,0.7229706531606145,78.0,71.66666666666666,58.91783567134269,57.725755004550315,diff_all12,100
32,25,false,0.0025481141347559427,cnn,m01_cnn_all12_diff_fileagg-20260401-180808-e777df14,50,m01,moonshot-enhanced-setting,93.54197714853453,0.7189329832984747,84.0,80.0,60.72144288577155,59.08487843540474,diff_all12,100
33,25,false,0.002520239379220344,cnn,m01_cnn_all12_diff_fileagg-20260401-180808-e777df14,50,m01,moonshot-enhanced-setting,94.13810233482364,0.6934363983545621,76.0,69.33333333333333,57.71543086172345,55.91689811619531,diff_all12,100
34,25,false,0.002491699670078766,cnn,m01_cnn_all12_diff_fileagg-20260401-180808-e777df14,50,m01,moonshot-enhanced-setting,92.9458519622454,0.7200384741686969,66.0,56.666666666666664,55.91182364729459,53.84045374085947,diff_all12,100
35,25,false,0.0024625145670222636,cnn,m01_cnn_all12_diff_fileagg-20260401-180808-e777df14,50,m01,moonshot-enhanced-setting,93.59165424739196,0.700140228747611,76.0,71.33333333333333,60.52104208416834,58.88602715402544,diff_all12,100
36,25,false,0.0024327040720626444,cnn,m01_cnn_all12_diff_fileagg-20260401-180808-e777df14,50,m01,moonshot-enhanced-setting,93.64133134624937,0.6961029159803622,82.0,76.66666666666666,62.525050100200396,62.07967021238308,diff_all12,100
37,25,false,0.0024022886158240856,cnn,m01_cnn_all12_diff_fileagg-20260401-180808-e777df14,50,m01,moonshot-enhanced-setting,94.38648782911078,0.6843787771638092,78.0,72.33333333333333,58.717434869739485,57.67354952013183,diff_all12,100
38,25,false,0.002371289043541007,cnn,m01_cnn_all12_diff_fileagg-20260401-180808-e777df14,50,m01,moonshot-enhanced-setting,94.0387481371088,0.6818102265079402,82.0,76.66666666666666,62.725450901803605,61.76676977237662,diff_all12,100
39,25,true,0.0023397266007717885,cnn,m01_cnn_all12_diff_fileagg-20260401-180808-e777df14,50,m01,moonshot-enhanced-setting,94.63487332339791,0.6683006612921732,88.0,85.33333333333333,62.525050100200396,62.049285412640806,diff_all12,100
40,25,false,0.002307622918838125,cnn,m01_cnn_all12_diff_fileagg-20260401-180808-e777df14,50,m01,moonshot-enhanced-setting,95.03229011425732,0.6602301730839577,70.0,63.66666666666666,54.50901803607214,52.49120550057681,diff_all12,100
41,25,false,0.0022749999999999992,cnn,m01_cnn_all12_diff_fileagg-20260401-180808-e777df14,50,m01,moonshot-enhanced-setting,94.33681073025335,0.6647878988015373,80.0,74.33333333333333,57.51503006012024,56.377950276442675,diff_all12,100
42,25,false,0.0022418802023764315,cnn,m01_cnn_all12_diff_fileagg-20260401-180808-e777df14,50,m01,moonshot-enhanced-setting,94.68455042225534,0.6599305460124956,78.0,71.33333333333333,63.92785571142284,62.41291134622621,diff_all12,100
43,25,false,0.002208286224622342,cnn,m01_cnn_all12_diff_fileagg-20260401-180808-e777df14,50,m01,moonshot-enhanced-setting,94.88325881768505,0.658922984596514,74.0,67.33333333333333,60.72144288577155,59.78563475001623,diff_all12,100
44,25,false,0.002174241090372027,cnn,m01_cnn_all12_diff_fileagg-20260401-180808-e777df14,50,m01,moonshot-enhanced-setting,95.57873820168902,0.6376224445337333,72.0,64.66666666666666,62.925851703406806,60.41943192960153,diff_all12,100
45,25,false,0.0021397681324599096,cnn,m01_cnn_all12_diff_fileagg-20260401-180808-e777df14,50,m01,moonshot-enhanced-setting,95.97615499254843,0.6330494870016721,68.0,60.466666666666654,51.703406813627254,48.28735327200553,diff_all12,100
46,25,false,0.0021048909769293793,cnn,m01_cnn_all12_diff_fileagg-20260401-180808-e777df14,50,m01,moonshot-enhanced-setting,96.02583209140586,0.6361464573504376,78.0,72.33333333333333,63.326653306613224,61.766999121586544,diff_all12,100
47,25,false,0.0020696335268406848,cnn,m01_cnn_all12_diff_fileagg-20260401-180808-e777df14,50,m01,moonshot-enhanced-setting,95.97615499254843,0.6235142891465049,86.0,81.99999999999999,61.72344689378757,61.5307839495057,diff_all12,100
48,25,false,0.002034019945888967,cnn,m01_cnn_all12_diff_fileagg-20260401-180808-e777df14,50,m01,moonshot-enhanced-setting,95.62841530054645,0.6206005621003796,80.0,74.33333333333333,61.72344689378757,61.437750178384846,diff_all12,100
49,25,false,0.001998074641843673,cnn,m01_cnn_all12_diff_fileagg-20260401-180808-e777df14,50,m01,moonshot-enhanced-setting,96.52260307998013,0.6187811929138514,74.0,66.99999999999999,58.116232464929865,55.41601753530866,diff_all12,100
50,25,false,0.0019618222498206874,cnn,m01_cnn_all12_diff_fileagg-20260401-180808-e777df14,50,m01,moonshot-enhanced-setting,97.11872826626924,0.5994002071412357,76.0,69.33333333333334,63.52705410821643,61.49084234396833,diff_all12,100
51,25,false,0.0019252876153986543,cnn,m01_cnn_all12_diff_fileagg-20260401-180808-e777df14,50,m01,moonshot-enhanced-setting,96.274217585693,0.6163156489738468,78.0,72.0,59.719438877755515,59.01086360178163,diff_all12,100
52,25,false,0.0018884957775910623,cnn,m01_cnn_all12_diff_fileagg-20260401-180808-e777df14,50,m01,moonshot-enhanced-setting,96.57228017883756,0.6091194660345003,76.0,69.33333333333333,62.525050100200396,59.98257052954581,diff_all12,100
53,25,false,0.00185147195168575,cnn,m01_cnn_all12_diff_fileagg-20260401-180808-e777df14,50,m01,moonshot-enhanced-setting,96.77098857426726,0.6004365926291063,84.0,79.33333333333333,62.124248496993985,61.30503693690933,diff_all12,100
54,25,false,0.001814241511963613,cnn,m01_cnn_all12_diff_fileagg-20260401-180808-e777df14,50,m01,moonshot-enhanced-setting,96.96969696969697,0.5936375971285787,80.0,74.0,63.52705410821643,62.02978778876368,diff_all12,100
55,25,false,0.001776829974308334,cnn,m01_cnn_all12_diff_fileagg-20260401-180808-e777df14,50,m01,moonshot-enhanced-setting,96.87034277198211,0.5984619926056102,76.0,69.66666666666666,62.525050100200396,60.86515171628848,diff_all12,100
56,25,false,0.001739262978719074,cnn,m01_cnn_all12_diff_fileagg-20260401-180808-e777df14,50,m01,moonshot-enhanced-setting,96.42324888226527,0.6084739131472683,82.0,77.66666666666666,60.52104208416834,60.136865479048716,diff_all12,100
57,25,false,0.001701566271738097,cnn,m01_cnn_all12_diff_fileagg-20260401-180808-e777df14,50,m01,moonshot-enhanced-setting,97.31743666169896,0.5816032988659138,78.0,71.66666666666666,61.32264529058116,59.60141062897557,diff_all12,100
58,25,false,0.0016637656888053747,cnn,m01_cnn_all12_diff_fileagg-20260401-180808-e777df14,50,m01,moonshot-enhanced-setting,97.36711376055638,0.5768121723446512,84.0,79.33333333333333,65.53106212424849,64.51953006125423,diff_all12,100
59,25,false,0.0016258871365522679,cnn,m01_cnn_all12_diff_fileagg-20260401-180808-e777df14,50,m01,moonshot-enhanced-setting,97.61549925484351,0.5751932939071295,82.0,77.0,63.92785571142284,62.3746466655284,diff_all12,100
60,25,false,0.0015879565750464154,cnn,m01_cnn_all12_diff_fileagg-20260401-180808-e777df14,50,m01,moonshot-enhanced-setting,97.61549925484351,0.5801535911721136,78.0,72.0,63.52705410821643,63.05272485977912,diff_all12,100
61,25,false,0.0015499999999999997,cnn,m01_cnn_all12_diff_fileagg-20260401-180808-e777df14,50,m01,moonshot-enhanced-setting,97.36711376055638,0.5788262109820427,78.0,72.33333333333333,61.523046092184366,59.28036653169841,diff_all12,100
62,25,false,0.0015120434249535836,cnn,m01_cnn_all12_diff_fileagg-20260401-180808-e777df14,50,m01,moonshot-enhanced-setting,97.26775956284153,0.5764625354365099,84.0,79.33333333333333,64.92985971943888,63.75636183917985,diff_all12,100
63,25,false,0.0014741128634477311,cnn,m01_cnn_all12_diff_fileagg-20260401-180808-e777df14,50,m01,moonshot-enhanced-setting,97.81420765027322,0.5689789329780848,72.0,66.13333333333333,57.91583166332666,56.58457046205195,diff_all12,100
64,25,false,0.0014362343111946245,cnn,m01_cnn_all12_diff_fileagg-20260401-180808-e777df14,50,m01,moonshot-enhanced-setting,97.61549925484351,0.5692429592582164,84.0,79.33333333333333,68.7374749498998,67.9900956530567,diff_all12,100
65,25,false,0.0013984337282619023,cnn,m01_cnn_all12_diff_fileagg-20260401-180808-e777df14,50,m01,moonshot-enhanced-setting,97.81420765027322,0.5667589565325423,74.0,67.66666666666666,62.525050100200396,60.10449174685471,diff_all12,100
66,25,false,0.0013607370212809253,cnn,m01_cnn_all12_diff_fileagg-20260401-180808-e777df14,50,m01,moonshot-enhanced-setting,97.46646795827124,0.5652634052275664,84.0,79.33333333333333,64.32865731462925,62.52975914724671,diff_all12,100
67,25,false,0.001323170025691665,cnn,m01_cnn_all12_diff_fileagg-20260401-180808-e777df14,50,m01,moonshot-enhanced-setting,97.51614505712867,0.5657595475988487,80.0,75.0,62.725450901803605,61.27488862226325,diff_all12,100
68,25,false,0.0012857584880363862,cnn,m01_cnn_all12_diff_fileagg-20260401-180808-e777df14,50,m01,moonshot-enhanced-setting,98.31097863884749,0.5628930285565603,76.0,70.0,62.725450901803605,60.82614838183999,diff_all12,100
69,25,false,0.0012485280483142485,cnn,m01_cnn_all12_diff_fileagg-20260401-180808-e777df14,50,m01,moonshot-enhanced-setting,98.26130153999006,0.5519231230361037,80.0,73.99999999999999,63.92785571142284,62.61585190398758,diff_all12,100
70,25,false,0.001211504222408937,cnn,m01_cnn_all12_diff_fileagg-20260401-180808-e777df14,50,m01,moonshot-enhanced-setting,97.91356184798808,0.5604184582289096,84.0,80.0,64.72945891783567,63.65021513743675,diff_all12,100
71,25,false,0.0011747123846013448,cnn,m01_cnn_all12_diff_fileagg-20260401-180808-e777df14,50,m01,moonshot-enhanced-setting,98.01291604570294,0.5530581402352244,84.0,80.0,62.124248496993985,60.78101388350612,diff_all12,100
72,25,false,0.0011381777501793119,cnn,m01_cnn_all12_diff_fileagg-20260401-180808-e777df14,50,m01,moonshot-enhanced-setting,98.26130153999006,0.5468460608938116,82.0,77.0,62.124248496993985,60.96160244046318,diff_all12,100
73,25,false,0.0011019253581563261,cnn,m01_cnn_all12_diff_fileagg-20260401-180808-e777df14,50,m01,moonshot-enhanced-setting,98.21162444113264,0.5434527674304035,74.0,67.66666666666666,60.52104208416834,58.34465529659945,diff_all12,100
74,25,false,0.001065980054111032,cnn,m01_cnn_all12_diff_fileagg-20260401-180808-e777df14,50,m01,moonshot-enhanced-setting,98.11227024341778,0.5364007001129242,78.0,72.33333333333333,65.13026052104209,63.864166120107605,diff_all12,100
75,25,false,0.0010303664731593145,cnn,m01_cnn_all12_diff_fileagg-20260401-180808-e777df14,50,m01,moonshot-enhanced-setting,98.36065573770492,0.5413755235302466,78.0,71.66666666666666,62.725450901803605,61.747016055266826,diff_all12,100
76,25,false,0.0009951090230706197,cnn,m01_cnn_all12_diff_fileagg-20260401-180808-e777df14,50,m01,moonshot-enhanced-setting,98.41033283656235,0.5403929055477338,84.0,80.0,66.33266533066133,65.27661865561987,diff_all12,100
77,25,false,0.0009602318675400898,cnn,m01_cnn_all12_diff_fileagg-20260401-180808-e777df14,50,m01,moonshot-enhanced-setting,98.70839542970691,0.5339811864446421,80.0,75.0,65.7314629258517,64.57294794776622,diff_all12,100
78,25,false,0.0009257589096279722,cnn,m01_cnn_all12_diff_fileagg-20260401-180808-e777df14,50,m01,moonshot-enhanced-setting,98.75807252856433,0.5327124013512275,84.0,79.33333333333333,64.92985971943888,64.44225666261592,diff_all12,100
79,25,false,0.000891713775377657,cnn,m01_cnn_all12_diff_fileagg-20260401-180808-e777df14,50,m01,moonshot-enhanced-setting,98.31097863884749,0.5378227794105238,80.0,74.33333333333333,66.73346693386773,65.90237759344703,diff_all12,100
80,25,false,0.0008581197976235675,cnn,m01_cnn_all12_diff_fileagg-20260401-180808-e777df14,50,m01,moonshot-enhanced-setting,98.75807252856433,0.5272949685579026,80.0,75.0,64.32865731462925,63.12313636583862,diff_all12,100
81,25,false,0.0008250000000000001,cnn,m01_cnn_all12_diff_fileagg-20260401-180808-e777df14,50,m01,moonshot-enhanced-setting,98.50968703427719,0.5340353024284222,78.0,72.8,64.32865731462925,63.61712705024792,diff_all12,100
82,25,false,0.000792377081161874,cnn,m01_cnn_all12_diff_fileagg-20260401-180808-e777df14,50,m01,moonshot-enhanced-setting,98.70839542970691,0.5287576231622483,82.0,77.0,65.13026052104209,64.3246233715105,diff_all12,100
83,25,false,0.000760273399228211,cnn,m01_cnn_all12_diff_fileagg-20260401-180808-e777df14,50,m01,moonshot-enhanced-setting,98.31097863884749,0.5363342020562556,82.0,77.0,63.92785571142284,63.04540937761829,diff_all12,100
84,25,false,0.0007287109564589919,cnn,m01_cnn_all12_diff_fileagg-20260401-180808-e777df14,50,m01,moonshot-enhanced-setting,99.05613512170889,0.515633043843718,80.0,74.8,65.33066132264528,64.0333378892835,diff_all12,100
85,25,false,0.000697711384175914,cnn,m01_cnn_all12_diff_fileagg-20260401-180808-e777df14,50,m01,moonshot-enhanced-setting,98.95678092399403,0.5235197496722127,70.0,62.33333333333333,59.519038076152306,56.75641389663072,diff_all12,100
86,25,false,0.0006672959279373549,cnn,m01_cnn_all12_diff_fileagg-20260401-180808-e777df14,50,m01,moonshot-enhanced-setting,99.10581222056632,0.5184683973109373,82.0,77.0,66.93386773547094,65.80204647329158,diff_all12,100
87,25,false,0.0006374854329777358,cnn,m01_cnn_all12_diff_fileagg-20260401-180808-e777df14,50,m01,moonshot-enhanced-setting,99.00645802285146,0.5230077040236919,76.0,69.46666666666665,64.92985971943888,63.09246413327716,diff_all12,100
88,25,false,0.0006083003299212338,cnn,m01_cnn_all12_diff_fileagg-20260401-180808-e777df14,50,m01,moonshot-enhanced-setting,98.70839542970691,0.5256460288005627,82.0,77.0,66.93386773547094,66.27395147665037,diff_all12,100
89,25,false,0.0005797606207796559,cnn,m01_cnn_all12_diff_fileagg-20260401-180808-e777df14,50,m01,moonshot-enhanced-setting,98.70839542970691,0.526576275589806,80.0,74.8,67.33466933867736,65.80204758012607,diff_all12,100
90,25,false,0.0005518858652440564,cnn,m01_cnn_all12_diff_fileagg-20260401-180808-e777df14,50,m01,moonshot-enhanced-setting,98.70839542970691,0.5179361986450692,76.0,69.33333333333333,58.116232464929865,55.72538638919118,diff_all12,100
91,25,false,0.0005246951672795062,cnn,m01_cnn_all12_diff_fileagg-20260401-180808-e777df14,50,m01,moonshot-enhanced-setting,99.2548435171386,0.5167350990228611,80.0,73.99999999999999,64.72945891783567,62.96270319650586,diff_all12,100
92,25,false,0.0004982071620321828,cnn,m01_cnn_all12_diff_fileagg-20260401-180808-e777df14,50,m01,moonshot-enhanced-setting,98.90710382513662,0.5172538110052716,82.0,77.0,65.93186372745491,64.5210874594513,diff_all12,100
93,25,false,0.0004724400030577787,cnn,m01_cnn_all12_diff_fileagg-20260401-180808-e777df14,50,m01,moonshot-enhanced-setting,98.70839542970691,0.5157287953300258,76.0,69.33333333333333,62.124248496993985,59.75676251265085,diff_all12,100
94,25,false,0.00044741134987995535,cnn,m01_cnn_all12_diff_fileagg-20260401-180808-e777df14,50,m01,moonshot-enhanced-setting,99.10581222056632,0.5111737078360166,82.0,77.0,64.12825651302605,62.79817946879685,diff_all12,100
95,25,false,0.00042313835588739224,cnn,m01_cnn_all12_diff_fileagg-20260401-180808-e777df14,50,m01,moonshot-enhanced-setting,98.85742672627919,0.5180600319877526,82.0,76.66666666666666,63.126252505010015,62.05318407210053,diff_all12,100
96,25,false,0.0003996376565777089,cnn,m01_cnn_all12_diff_fileagg-20260401-180808-e777df14,50,m01,moonshot-enhanced-setting,99.35419771485346,0.5114826150368057,82.0,77.0,65.93186372745491,64.83409495448174,diff_all12,100
97,25,false,0.0003769253581563264,cnn,m01_cnn_all12_diff_fileagg-20260401-180808-e777df14,50,m01,moonshot-enhanced-setting,98.90710382513662,0.5116752978586404,78.0,71.33333333333333,63.92785571142284,61.24727785163635,diff_all12,100
98,25,false,0.0003550170264980776,cnn,m01_cnn_all12_diff_fileagg-20260401-180808-e777df14,50,m01,moonshot-enhanced-setting,99.15548931942375,0.508448850898321,82.0,77.0,65.33066132264528,63.933540562040946,diff_all12,100
99,25,false,0.0003339276764791354,cnn,m01_cnn_all12_diff_fileagg-20260401-180808-e777df14,50,m01,moonshot-enhanced-setting,99.2548435171386,0.5054068197318113,80.0,74.66666666666666,65.13026052104209,63.029875267317045,diff_all12,100
100,25,false,0.0003136717616865664,cnn,m01_cnn_all12_diff_fileagg-20260401-180808-e777df14,50,m01,moonshot-enhanced-setting,98.65871833084948,0.5145863630673332,82.0,77.0,65.93186372745491,65.25035394708436,diff_all12,100
101,25,false,0.00029426316451256396,cnn,m01_cnn_all12_diff_fileagg-20260401-180808-e777df14,50,m01,moonshot-enhanced-setting,99.10581222056632,0.5061392783970603,80.0,74.0,66.53306613226452,64.81746756548817,diff_all12,100
102,25,false,0.00027571518664015044,cnn,m01_cnn_all12_diff_fileagg-20260401-180808-e777df14,50,m01,moonshot-enhanced-setting,99.20516641828117,0.5068598829331945,84.0,79.66666666666666,65.13026052104209,64.28595970120931,diff_all12,100
103,25,false,0.0002580405399268668,cnn,m01_cnn_all12_diff_fileagg-20260401-180808-e777df14,50,m01,moonshot-enhanced-setting,98.95678092399403,0.5162128722466347,80.0,75.46666666666665,67.13426853707415,65.89609033911901,diff_all12,100
104,25,false,0.00024125133769270252,cnn,m01_cnn_all12_diff_fileagg-20260401-180808-e777df14,50,m01,moonshot-enhanced-setting,98.90710382513662,0.508305248489323,80.0,74.8,63.727454909819635,62.3494420500874,diff_all12,100
105,25,false,0.0002253590864182287,cnn,m01_cnn_all12_diff_fileagg-20260401-180808-e777df14,50,m01,moonshot-enhanced-setting,99.2548435171386,0.5037038021429936,84.0,79.33333333333333,65.53106212424849,64.34247672696945,diff_all12,100
106,25,false,0.00021037467785863434,cnn,m01_cnn_all12_diff_fileagg-20260401-180808-e777df14,50,m01,moonshot-enhanced-setting,99.15548931942375,0.5025063054483445,84.0,79.66666666666666,65.53106212424849,64.32150729345237,diff_all12,100
107,25,false,0.00019630838157905757,cnn,m01_cnn_all12_diff_fileagg-20260401-180808-e777df14,50,m01,moonshot-enhanced-setting,99.2548435171386,0.5041515278212182,82.0,77.46666666666665,66.33266533066133,65.25043625386701,diff_all12,100
108,25,false,0.00018316983791634152,cnn,m01_cnn_all12_diff_fileagg-20260401-180808-e777df14,50,m01,moonshot-enhanced-setting,98.85742672627919,0.5119975669669442,80.0,74.8,65.33066132264528,63.42567491846629,diff_all12,100
109,25,false,0.00017096805137202745,cnn,m01_cnn_all12_diff_fileagg-20260401-180808-e777df14,50,m01,moonshot-enhanced-setting,99.20516641828117,0.49974971726884665,78.0,72.8,64.92985971943888,63.492752495180426,diff_all12,100
110,25,false,0.00015971138444112028,cnn,m01_cnn_all12_diff_fileagg-20260401-180808-e777df14,50,m01,moonshot-enhanced-setting,99.2548435171386,0.5019483974604125,74.0,67.66666666666666,59.519038076152306,56.84491158873007,diff_all12,100
111,25,false,0.00014940755188085097,cnn,m01_cnn_all12_diff_fileagg-20260401-180808-e777df14,50,m01,moonshot-enhanced-setting,99.4535519125683,0.49841557443882184,76.0,69.33333333333333,61.923847695390776,59.57435040407911,diff_all12,100
112,25,false,0.000140063615423369,cnn,m01_cnn_all12_diff_fileagg-20260401-180808-e777df14,50,m01,moonshot-enhanced-setting,99.00645802285146,0.503585387981773,76.0,69.66666666666666,66.33266533066133,64.55234160294629,diff_all12,100
113,25,false,0.00013168597893598177,cnn,m01_cnn_all12_diff_fileagg-20260401-180808-e777df14,50,m01,moonshot-enhanced-setting,99.35419771485346,0.5036331841558351,82.0,77.46666666666665,64.52905811623246,63.25046503215644,diff_all12,100
114,25,false,0.00012428038403226597,cnn,m01_cnn_all12_diff_fileagg-20260401-180808-e777df14,50,m01,moonshot-enhanced-setting,99.20516641828117,0.5016880824799214,82.0,77.46666666666665,67.13426853707415,65.86883254190764,diff_all12,100
115,25,false,0.0001178519061370504,cnn,m01_cnn_all12_diff_fileagg-20260401-180808-e777df14,50,m01,moonshot-enhanced-setting,99.20516641828117,0.4986502535445028,80.0,74.8,66.53306613226452,65.31364682265638,diff_all12,100
116,25,false,0.00011240495100797496,cnn,m01_cnn_all12_diff_fileagg-20260401-180808-e777df14,50,m01,moonshot-enhanced-setting,99.05613512170889,0.5023344242922181,82.0,77.46666666666665,66.53306613226452,65.45757789377889,diff_all12,100
117,25,false,0.00010794325171600358,cnn,m01_cnn_all12_diff_fileagg-20260401-180808-e777df14,50,m01,moonshot-enhanced-setting,99.75161450571287,0.4961900268836337,82.0,77.46666666666665,67.73547094188376,66.96759849103022,diff_all12,100
118,25,false,0.00010446986608696447,cnn,m01_cnn_all12_diff_fileagg-20260401-180808-e777df14,50,m01,moonshot-enhanced-setting,99.30452061599603,0.5030476993668808,86.0,81.99999999999999,65.7314629258517,64.8311787891543,diff_all12,100
119,25,false,0.00010198717460586796,cnn,m01_cnn_all12_diff_fileagg-20260401-180808-e777df14,50,m01,moonshot-enhanced-setting,99.2548435171386,0.4986550718086961,80.0,75.66666666666666,63.92785571142284,62.87127185224103,diff_all12,100
120,25,false,0.00010049687878544198,cnn,m01_cnn_all12_diff_fileagg-20260401-180808-e777df14,50,m01,moonshot-enhanced-setting,99.4535519125683,0.5003771179508819,86.0,81.99999999999999,68.13627254509018,66.8826400196793,diff_all12,100
1,25,,,inception,t10b_inception_diff_supervised_w100_g25-20260401-144426-c9f0ef66,50,t10b,research-extension,4.45859872611465,3.708243737554854,,,,,diff,100
2,25,,,inception,t10b_inception_diff_supervised_w100_g25-20260401-144426-c9f0ef66,50,t10b,research-extension,13.972929936305732,2.7945323871199492,,,,,diff,100
3,25,,,inception,t10b_inception_diff_supervised_w100_g25-20260401-144426-c9f0ef66,50,t10b,research-extension,22.014331210191084,2.3497749043118423,,,,,diff,100
4,25,,,inception,t10b_inception_diff_supervised_w100_g25-20260401-144426-c9f0ef66,50,t10b,research-extension,28.503184713375795,2.0854629832468214,,,,,diff,100
5,25,,,inception,t10b_inception_diff_supervised_w100_g25-20260401-144426-c9f0ef66,50,t10b,research-extension,33.359872611464965,1.9179962911423605,,,,,diff,100
6,25,,,inception,t10b_inception_diff_supervised_w100_g25-20260401-144426-c9f0ef66,50,t10b,research-extension,38.3359872611465,1.7766598971786014,,,,,diff,100
7,25,,,inception,t10b_inception_diff_supervised_w100_g25-20260401-144426-c9f0ef66,50,t10b,research-extension,40.804140127388536,1.6964353649479569,,,,,diff,100
8,25,,,inception,t10b_inception_diff_supervised_w100_g25-20260401-144426-c9f0ef66,50,t10b,research-extension,43.27229299363057,1.6030642386454685,,,,,diff,100
9,25,,,inception,t10b_inception_diff_supervised_w100_g25-20260401-144426-c9f0ef66,50,t10b,research-extension,46.09872611464968,1.5114678349464563,,,,,diff,100
10,25,,,inception,t10b_inception_diff_supervised_w100_g25-20260401-144426-c9f0ef66,50,t10b,research-extension,48.04936305732484,1.4535645861534556,,,,,diff,100
11,25,,,inception,t10b_inception_diff_supervised_w100_g25-20260401-144426-c9f0ef66,50,t10b,research-extension,49.203821656050955,1.3810976774069914,,,,,diff,100
12,25,,,inception,t10b_inception_diff_supervised_w100_g25-20260401-144426-c9f0ef66,50,t10b,research-extension,53.42356687898089,1.2954451491118997,,,,,diff,100
13,25,,,inception,t10b_inception_diff_supervised_w100_g25-20260401-144426-c9f0ef66,50,t10b,research-extension,55.97133757961783,1.2339252476479596,,,,,diff,100
14,25,,,inception,t10b_inception_diff_supervised_w100_g25-20260401-144426-c9f0ef66,50,t10b,research-extension,59.67356687898089,1.121603779732042,,,,,diff,100
15,25,,,inception,t10b_inception_diff_supervised_w100_g25-20260401-144426-c9f0ef66,50,t10b,research-extension,60.50955414012739,1.0880535719500986,,,,,diff,100
16,25,,,inception,t10b_inception_diff_supervised_w100_g25-20260401-144426-c9f0ef66,50,t10b,research-extension,65.0875796178344,1.008797335017259,,,,,diff,100
17,25,,,inception,t10b_inception_diff_supervised_w100_g25-20260401-144426-c9f0ef66,50,t10b,research-extension,67.35668789808918,0.930307726191867,,,,,diff,100
18,25,,,inception,t10b_inception_diff_supervised_w100_g25-20260401-144426-c9f0ef66,50,t10b,research-extension,68.75,0.8988035340218028,,,,,diff,100
19,25,,,inception,t10b_inception_diff_supervised_w100_g25-20260401-144426-c9f0ef66,50,t10b,research-extension,70.06369426751593,0.7906075640089193,,,,,diff,100
20,25,,,inception,t10b_inception_diff_supervised_w100_g25-20260401-144426-c9f0ef66,50,t10b,research-extension,73.12898089171975,0.7500343250620897,,,,,diff,100
21,25,,,inception,t10b_inception_diff_supervised_w100_g25-20260401-144426-c9f0ef66,50,t10b,research-extension,74.0047770700637,0.7347815925148642,,,,,diff,100
22,25,,,inception,t10b_inception_diff_supervised_w100_g25-20260401-144426-c9f0ef66,50,t10b,research-extension,76.03503184713375,0.6630225234730228,,,,,diff,100
23,25,,,inception,t10b_inception_diff_supervised_w100_g25-20260401-144426-c9f0ef66,50,t10b,research-extension,77.70700636942675,0.6027157420565368,,,,,diff,100
24,25,,,inception,t10b_inception_diff_supervised_w100_g25-20260401-144426-c9f0ef66,50,t10b,research-extension,77.54777070063695,0.6158614147240948,,,,,diff,100
25,25,,,inception,t10b_inception_diff_supervised_w100_g25-20260401-144426-c9f0ef66,50,t10b,research-extension,79.578025477707,0.5660155901483669,,,,,diff,100
26,25,,,inception,t10b_inception_diff_supervised_w100_g25-20260401-144426-c9f0ef66,50,t10b,research-extension,81.56847133757962,0.5304350849169834,,,,,diff,100
27,25,,,inception,t10b_inception_diff_supervised_w100_g25-20260401-144426-c9f0ef66,50,t10b,research-extension,82.0859872611465,0.4930888930703424,,,,,diff,100
28,25,,,inception,t10b_inception_diff_supervised_w100_g25-20260401-144426-c9f0ef66,50,t10b,research-extension,82.88216560509554,0.46595787318648807,,,,,diff,100
29,25,,,inception,t10b_inception_diff_supervised_w100_g25-20260401-144426-c9f0ef66,50,t10b,research-extension,83.9171974522293,0.4499695128316333,,,,,diff,100
30,25,,,inception,t10b_inception_diff_supervised_w100_g25-20260401-144426-c9f0ef66,50,t10b,research-extension,85.03184713375796,0.4225465807185811,,,,,diff,100
1,25,,,inception,t10b_inception_raw_aligned_supervised_w100_g25-20260401-144319-da3dcb55,50,t10b,research-extension,4.81687898089172,3.65337343276686,,,,,raw_aligned,100
2,25,,,inception,t10b_inception_raw_aligned_supervised_w100_g25-20260401-144319-da3dcb55,50,t10b,research-extension,11.94267515923567,2.98578555416909,,,,,raw_aligned,100
3,25,,,inception,t10b_inception_raw_aligned_supervised_w100_g25-20260401-144319-da3dcb55,50,t10b,research-extension,18.113057324840764,2.5117644990325734,,,,,raw_aligned,100
4,25,,,inception,t10b_inception_raw_aligned_supervised_w100_g25-20260401-144319-da3dcb55,50,t10b,research-extension,28.980891719745223,2.0988671749260774,,,,,raw_aligned,100
5,25,,,inception,t10b_inception_raw_aligned_supervised_w100_g25-20260401-144319-da3dcb55,50,t10b,research-extension,33.638535031847134,1.9151720636209864,,,,,raw_aligned,100
6,25,,,inception,t10b_inception_raw_aligned_supervised_w100_g25-20260401-144319-da3dcb55,50,t10b,research-extension,38.853503184713375,1.7404655240903235,,,,,raw_aligned,100
7,25,,,inception,t10b_inception_raw_aligned_supervised_w100_g25-20260401-144319-da3dcb55,50,t10b,research-extension,43.789808917197455,1.6215624718149757,,,,,raw_aligned,100
8,25,,,inception,t10b_inception_raw_aligned_supervised_w100_g25-20260401-144319-da3dcb55,50,t10b,research-extension,46.695859872611464,1.4973109899812442,,,,,raw_aligned,100
9,25,,,inception,t10b_inception_raw_aligned_supervised_w100_g25-20260401-144319-da3dcb55,50,t10b,research-extension,52.468152866242036,1.34460667060439,,,,,raw_aligned,100
10,25,,,inception,t10b_inception_raw_aligned_supervised_w100_g25-20260401-144319-da3dcb55,50,t10b,research-extension,55.095541401273884,1.2849294417982648,,,,,raw_aligned,100
11,25,,,inception,t10b_inception_raw_aligned_supervised_w100_g25-20260401-144319-da3dcb55,50,t10b,research-extension,58.160828025477706,1.1917532538152804,,,,,raw_aligned,100
12,25,,,inception,t10b_inception_raw_aligned_supervised_w100_g25-20260401-144319-da3dcb55,50,t10b,research-extension,60.62898089171974,1.1280810096461302,,,,,raw_aligned,100
13,25,,,inception,t10b_inception_raw_aligned_supervised_w100_g25-20260401-144319-da3dcb55,50,t10b,research-extension,62.34076433121019,1.0900244439483449,,,,,raw_aligned,100
14,25,,,inception,t10b_inception_raw_aligned_supervised_w100_g25-20260401-144319-da3dcb55,50,t10b,research-extension,63.37579617834395,1.0041598863662429,,,,,raw_aligned,100
15,25,,,inception,t10b_inception_raw_aligned_supervised_w100_g25-20260401-144319-da3dcb55,50,t10b,research-extension,65.60509554140127,0.9592503077664952,,,,,raw_aligned,100
16,25,,,inception,t10b_inception_raw_aligned_supervised_w100_g25-20260401-144319-da3dcb55,50,t10b,research-extension,67.7547770700637,0.8885401961909738,,,,,raw_aligned,100
17,25,,,inception,t10b_inception_raw_aligned_supervised_w100_g25-20260401-144319-da3dcb55,50,t10b,research-extension,71.37738853503184,0.8017759490164982,,,,,raw_aligned,100
18,25,,,inception,t10b_inception_raw_aligned_supervised_w100_g25-20260401-144319-da3dcb55,50,t10b,research-extension,71.57643312101911,0.7937549337459977,,,,,raw_aligned,100
19,25,,,inception,t10b_inception_raw_aligned_supervised_w100_g25-20260401-144319-da3dcb55,50,t10b,research-extension,72.17356687898089,0.7846798232406568,,,,,raw_aligned,100
20,25,,,inception,t10b_inception_raw_aligned_supervised_w100_g25-20260401-144319-da3dcb55,50,t10b,research-extension,75.43789808917198,0.7210901835162169,,,,,raw_aligned,100
21,25,,,inception,t10b_inception_raw_aligned_supervised_w100_g25-20260401-144319-da3dcb55,50,t10b,research-extension,76.47292993630573,0.6673952508124577,,,,,raw_aligned,100
22,25,,,inception,t10b_inception_raw_aligned_supervised_w100_g25-20260401-144319-da3dcb55,50,t10b,research-extension,76.8312101910828,0.6489628716638893,,,,,raw_aligned,100
23,25,,,inception,t10b_inception_raw_aligned_supervised_w100_g25-20260401-144319-da3dcb55,50,t10b,research-extension,78.38375796178345,0.6217215106745434,,,,,raw_aligned,100
24,25,,,inception,t10b_inception_raw_aligned_supervised_w100_g25-20260401-144319-da3dcb55,50,t10b,research-extension,79.69745222929936,0.5808149386363425,,,,,raw_aligned,100
25,25,,,inception,t10b_inception_raw_aligned_supervised_w100_g25-20260401-144319-da3dcb55,50,t10b,research-extension,79.89649681528662,0.6110060649692632,,,,,raw_aligned,100
26,25,,,inception,t10b_inception_raw_aligned_supervised_w100_g25-20260401-144319-da3dcb55,50,t10b,research-extension,80.4140127388535,0.5700050245045097,,,,,raw_aligned,100
27,25,,,inception,t10b_inception_raw_aligned_supervised_w100_g25-20260401-144319-da3dcb55,50,t10b,research-extension,82.00636942675159,0.5449040446691452,,,,,raw_aligned,100
28,25,,,inception,t10b_inception_raw_aligned_supervised_w100_g25-20260401-144319-da3dcb55,50,t10b,research-extension,83.20063694267516,0.4961575655041227,,,,,raw_aligned,100
29,25,,,inception,t10b_inception_raw_aligned_supervised_w100_g25-20260401-144319-da3dcb55,50,t10b,research-extension,83.71815286624204,0.46305818561535733,,,,,raw_aligned,100
30,25,,,inception,t10b_inception_raw_aligned_supervised_w100_g25-20260401-144319-da3dcb55,50,t10b,research-extension,84.23566878980891,0.4657006056825067,,,,,raw_aligned,100
1,25,,,inception,t11_f1_inception_diff_gcms_finetune_w100_g25-20260401-151800-cb297298,50,t11,research-extension,20.660828025477706,2.790012195611456,,,,,diff,100
2,25,,,inception,t11_f1_inception_diff_gcms_finetune_w100_g25-20260401-151800-cb297298,50,t11,research-extension,37.97770700636943,1.7501865458336605,,,,,diff,100
3,25,,,inception,t11_f1_inception_diff_gcms_finetune_w100_g25-20260401-151800-cb297298,50,t11,research-extension,50.517515923566876,1.4245030401618617,,,,,diff,100
4,25,,,inception,t11_f1_inception_diff_gcms_finetune_w100_g25-20260401-151800-cb297298,50,t11,research-extension,55.453821656050955,1.2399525437385412,,,,,diff,100
5,25,,,inception,t11_f1_inception_diff_gcms_finetune_w100_g25-20260401-151800-cb297298,50,t11,research-extension,58.797770700636946,1.140388078750319,,,,,diff,100
6,25,,,inception,t11_f1_inception_diff_gcms_finetune_w100_g25-20260401-151800-cb297298,50,t11,research-extension,64.3312101910828,1.0210988563337144,,,,,diff,100
7,25,,,inception,t11_f1_inception_diff_gcms_finetune_w100_g25-20260401-151800-cb297298,50,t11,research-extension,67.99363057324841,0.9077472777882959,,,,,diff,100
8,25,,,inception,t11_f1_inception_diff_gcms_finetune_w100_g25-20260401-151800-cb297298,50,t11,research-extension,70.46178343949045,0.8369917005869993,,,,,diff,100
9,25,,,inception,t11_f1_inception_diff_gcms_finetune_w100_g25-20260401-151800-cb297298,50,t11,research-extension,73.40764331210191,0.7539853385299634,,,,,diff,100
10,25,,,inception,t11_f1_inception_diff_gcms_finetune_w100_g25-20260401-151800-cb297298,50,t11,research-extension,76.79140127388536,0.668201852376294,,,,,diff,100
11,25,,,inception,t11_f1_inception_diff_gcms_finetune_w100_g25-20260401-151800-cb297298,50,t11,research-extension,78.46337579617834,0.6256753472006245,,,,,diff,100
12,25,,,inception,t11_f1_inception_diff_gcms_finetune_w100_g25-20260401-151800-cb297298,50,t11,research-extension,79.93630573248407,0.586677365242296,,,,,diff,100
13,25,,,inception,t11_f1_inception_diff_gcms_finetune_w100_g25-20260401-151800-cb297298,50,t11,research-extension,81.36942675159236,0.5490490854925411,,,,,diff,100
14,25,,,inception,t11_f1_inception_diff_gcms_finetune_w100_g25-20260401-151800-cb297298,50,t11,research-extension,82.1656050955414,0.5182667617585249,,,,,diff,100
15,25,,,inception,t11_f1_inception_diff_gcms_finetune_w100_g25-20260401-151800-cb297298,50,t11,research-extension,83.9171974522293,0.4744594510953138,,,,,diff,100
16,25,,,inception,t11_f1_inception_diff_gcms_finetune_w100_g25-20260401-151800-cb297298,50,t11,research-extension,85.54936305732484,0.43180298577448367,,,,,diff,100
17,25,,,inception,t11_f1_inception_diff_gcms_finetune_w100_g25-20260401-151800-cb297298,50,t11,research-extension,85.46974522292993,0.4358992090650425,,,,,diff,100
18,25,,,inception,t11_f1_inception_diff_gcms_finetune_w100_g25-20260401-151800-cb297298,50,t11,research-extension,86.22611464968153,0.4069032372942396,,,,,diff,100
19,25,,,inception,t11_f1_inception_diff_gcms_finetune_w100_g25-20260401-151800-cb297298,50,t11,research-extension,88.05732484076434,0.33762954635794756,,,,,diff,100
20,25,,,inception,t11_f1_inception_diff_gcms_finetune_w100_g25-20260401-151800-cb297298,50,t11,research-extension,87.53980891719745,0.3707996496729031,,,,,diff,100
21,25,,,inception,t11_f1_inception_diff_gcms_finetune_w100_g25-20260401-151800-cb297298,50,t11,research-extension,88.57484076433121,0.3475895845776151,,,,,diff,100
22,25,,,inception,t11_f1_inception_diff_gcms_finetune_w100_g25-20260401-151800-cb297298,50,t11,research-extension,88.57484076433121,0.3269941794929231,,,,,diff,100
23,25,,,inception,t11_f1_inception_diff_gcms_finetune_w100_g25-20260401-151800-cb297298,50,t11,research-extension,91.44108280254777,0.2690628373603912,,,,,diff,100
24,25,,,inception,t11_f1_inception_diff_gcms_finetune_w100_g25-20260401-151800-cb297298,50,t11,research-extension,89.37101910828025,0.310865548385936,,,,,diff,100
25,25,,,inception,t11_f1_inception_diff_gcms_finetune_w100_g25-20260401-151800-cb297298,50,t11,research-extension,90.04777070063695,0.30223815257002595,,,,,diff,100
26,25,,,inception,t11_f1_inception_diff_gcms_finetune_w100_g25-20260401-151800-cb297298,50,t11,research-extension,89.13216560509554,0.3236296711264143,,,,,diff,100
27,25,,,inception,t11_f1_inception_diff_gcms_finetune_w100_g25-20260401-151800-cb297298,50,t11,research-extension,91.1624203821656,0.2551158212932052,,,,,diff,100
28,25,,,inception,t11_f1_inception_diff_gcms_finetune_w100_g25-20260401-151800-cb297298,50,t11,research-extension,91.75955414012739,0.23336658688487522,,,,,diff,100
29,25,,,inception,t11_f1_inception_diff_gcms_finetune_w100_g25-20260401-151800-cb297298,50,t11,research-extension,91.0828025477707,0.2576816143693438,,,,,diff,100
30,25,,,inception,t11_f1_inception_diff_gcms_finetune_w100_g25-20260401-151800-cb297298,50,t11,research-extension,90.48566878980891,0.25821871457585865,,,,,diff,100
1,25,,,inception,t11_p1_inception_diff_gcms_pretrain_w100_g25-20260401-151646-272c8a2b,50,t11,research-extension,2.3487261146496814,3.8308863685389234,,,,,diff,100
2,25,,,inception,t11_p1_inception_diff_gcms_pretrain_w100_g25-20260401-151646-272c8a2b,50,t11,research-extension,4.179936305732484,3.7239731162976306,,,,,diff,100
3,25,,,inception,t11_p1_inception_diff_gcms_pretrain_w100_g25-20260401-151646-272c8a2b,50,t11,research-extension,5.453821656050955,3.6063788164952757,,,,,diff,100
4,25,,,inception,t11_p1_inception_diff_gcms_pretrain_w100_g25-20260401-151646-272c8a2b,50,t11,research-extension,7.32484076433121,3.4663794572186317,,,,,diff,100
5,25,,,inception,t11_p1_inception_diff_gcms_pretrain_w100_g25-20260401-151646-272c8a2b,50,t11,research-extension,8.797770700636942,3.299182460566235,,,,,diff,100
6,25,,,inception,t11_p1_inception_diff_gcms_pretrain_w100_g25-20260401-151646-272c8a2b,50,t11,research-extension,9.952229299363058,3.2181466931750062,,,,,diff,100
7,25,,,inception,t11_p1_inception_diff_gcms_pretrain_w100_g25-20260401-151646-272c8a2b,50,t11,research-extension,11.464968152866241,3.1419340440422108,,,,,diff,100
8,25,,,inception,t11_p1_inception_diff_gcms_pretrain_w100_g25-20260401-151646-272c8a2b,50,t11,research-extension,11.504777070063694,3.0687157454764007,,,,,diff,100
9,25,,,inception,t11_p1_inception_diff_gcms_pretrain_w100_g25-20260401-151646-272c8a2b,50,t11,research-extension,13.654458598726114,2.9967858624306456,,,,,diff,100
10,25,,,inception,t11_p1_inception_diff_gcms_pretrain_w100_g25-20260401-151646-272c8a2b,50,t11,research-extension,13.694267515923567,2.9044907518253207,,,,,diff,100
11,25,,,inception,t11_p1_inception_diff_gcms_pretrain_w100_g25-20260401-151646-272c8a2b,50,t11,research-extension,14.848726114649681,2.8389457046605977,,,,,diff,100
12,25,,,inception,t11_p1_inception_diff_gcms_pretrain_w100_g25-20260401-151646-272c8a2b,50,t11,research-extension,17.15764331210191,2.7666743606518787,,,,,diff,100
13,25,,,inception,t11_p1_inception_diff_gcms_pretrain_w100_g25-20260401-151646-272c8a2b,50,t11,research-extension,19.30732484076433,2.64098989887602,,,,,diff,100
14,25,,,inception,t11_p1_inception_diff_gcms_pretrain_w100_g25-20260401-151646-272c8a2b,50,t11,research-extension,21.855095541401273,2.6013568753649476,,,,,diff,100
15,25,,,inception,t11_p1_inception_diff_gcms_pretrain_w100_g25-20260401-151646-272c8a2b,50,t11,research-extension,22.969745222929937,2.512567050897392,,,,,diff,100
16,25,,,inception,t11_p1_inception_diff_gcms_pretrain_w100_g25-20260401-151646-272c8a2b,50,t11,research-extension,26.552547770700638,2.4284043585418895,,,,,diff,100
17,25,,,inception,t11_p1_inception_diff_gcms_pretrain_w100_g25-20260401-151646-272c8a2b,50,t11,research-extension,28.821656050955415,2.3480916949594097,,,,,diff,100
18,25,,,inception,t11_p1_inception_diff_gcms_pretrain_w100_g25-20260401-151646-272c8a2b,50,t11,research-extension,29.578025477707005,2.303760725981111,,,,,diff,100
19,25,,,inception,t11_p1_inception_diff_gcms_pretrain_w100_g25-20260401-151646-272c8a2b,50,t11,research-extension,31.409235668789808,2.2503366288106155,,,,,diff,100
20,25,,,inception,t11_p1_inception_diff_gcms_pretrain_w100_g25-20260401-151646-272c8a2b,50,t11,research-extension,33.39968152866242,2.1637708320739164,,,,,diff,100
21,25,,,inception,t11_p1_inception_diff_gcms_pretrain_w100_g25-20260401-151646-272c8a2b,50,t11,research-extension,36.345541401273884,2.075607226912383,,,,,diff,100
22,25,,,inception,t11_p1_inception_diff_gcms_pretrain_w100_g25-20260401-151646-272c8a2b,50,t11,research-extension,36.146496815286625,2.0386382113596437,,,,,diff,100
23,25,,,inception,t11_p1_inception_diff_gcms_pretrain_w100_g25-20260401-151646-272c8a2b,50,t11,research-extension,38.61464968152866,1.9984009630361181,,,,,diff,100
24,25,,,inception,t11_p1_inception_diff_gcms_pretrain_w100_g25-20260401-151646-272c8a2b,50,t11,research-extension,41.0828025477707,1.8613835520045772,,,,,diff,100
25,25,,,inception,t11_p1_inception_diff_gcms_pretrain_w100_g25-20260401-151646-272c8a2b,50,t11,research-extension,42.794585987261144,1.75769558226227,,,,,diff,100
26,25,,,inception,t11_p1_inception_diff_gcms_pretrain_w100_g25-20260401-151646-272c8a2b,50,t11,research-extension,43.94904458598726,1.77907245478053,,,,,diff,100
27,25,,,inception,t11_p1_inception_diff_gcms_pretrain_w100_g25-20260401-151646-272c8a2b,50,t11,research-extension,43.988853503184714,1.7608384114162179,,,,,diff,100
28,25,,,inception,t11_p1_inception_diff_gcms_pretrain_w100_g25-20260401-151646-272c8a2b,50,t11,research-extension,46.81528662420382,1.64892123762969,,,,,diff,100
29,25,,,inception,t11_p1_inception_diff_gcms_pretrain_w100_g25-20260401-151646-272c8a2b,50,t11,research-extension,48.1687898089172,1.6200150365282775,,,,,diff,100
30,25,,,inception,t11_p1_inception_diff_gcms_pretrain_w100_g25-20260401-151646-272c8a2b,50,t11,research-extension,50.67675159235669,1.5479796403532575,,,,,diff,100
